0.00346266664184472;0.00299877161413079;0.00316040351192846;0.0027037653928793;0.00298055303872006;0.00500119248954605;0.00510469999536296;0.00516019419653233;0.00529254013252164;0.00418915021998164;0.003794257315177;0.00396418236488215
0.00623047129737877;0.00339618592281146;0.00295386269647408;0.00312783612972551;0.0027803131985615;0.00328482185626114;0.00475414881414466;0.00483875786573355;0.00509841835975795;0.00536199202665976;0.00437375606251587;0.00384136295489276
0.00528282233323354;0.00631536572388397;0.00365218671983322;0.00314644612994501;0.00332192316769866;0.00292651914516903;0.00320037343668573;0.00446595377771392;0.00462043496285684;0.0052262424510463;0.0054603688786319;0.00417228879473432
0.00445200591916801;0.0044936514682596;0.00551284078382616;0.00367983612384578;0.00313695293192841;0.00346212673294052;0.00304134690320142;0.00330399843921115;0.00406404937396281;0.00437703989708743;0.0049582169832274;0.00521138256342041
0.00423606805188127;0.00451194073580236;0.0045269207936735;0.0051936510225741;0.00362838443517075;0.00268640029640273;0.0028635310267481;0.00253163646992801;0.00257305619767706;0.00400307761282691;0.00429870578211903;0.00460891243526909
0.00262992653755522;0.00471262101173218;0.00498651931243381;0.0049119152592296;0.00546896078753384;0.0034228023133085;0.00295397262971064;0.00310723598863887;0.00273607343631628;0.00272908003718946;0.0040001688322162;0.00422556734969726
0.00437473776615432;0.00294584634741152;0.00490780458452173;0.00489507857193647;0.00476539207150252;0.00554588138999149;0.00384238431969259;0.00342834063960195;0.00342549671220141;0.00261727973731191;0.0025689300907285;0.00461339121926051
0.00446506952332668;0.00469901563880535;0.00338153723755541;0.00496930941956699;0.00478311511429124;0.00459722387669306;0.00519336941052213;0.00382547792402438;0.00380031708708466;0.0037399063308746;0.00294920472323779;0.00323584422519517
0.00585332485915443;0.00396080612968343;0.00417006579823215;0.00340287647639001;0.00491713480193334;0.00446571511562311;0.00439011802714084;0.00487331834037801;0.00390388073716054;0.00400535854602637;0.00391041646947343;0.00315405510037791
0.00656754632800319;0.00538996396177736;0.00366232100010474;0.00391374360846564;0.00332130708006873;0.00563392387212093;0.00555802874758312;0.00550051978703391;0.00587951180092436;0.00385118477318153;0.00399786932918203;0.00413803134790217
0.00616992351222464;0.00616652158933147;0.00507162543797842;0.00392966563133897;0.0042289465349862;0.00343517601820859;0.00495350579180486;0.00487592521399746;0.00492489211475566;0.00573207512846035;0.00387591454667671;0.00341338978390121
0.00463996614649791;0.00584693178661878;0.0058095372820939;0.00485045548170756;0.00392786823525651;0.00443508313805896;0.00370840335439234;0.00494042274632549;0.00516435680754559;0.00533644214891577;0.00606284881200542;0.00359686522714187
0.00399245284264037;0.00486159350483929;0.00600246222080129;0.00601639572776344;0.00509577315112249;0.0036966033289226;0.00395593802752143;0.00338561462518682;0.00397558919118028;0.00466574880395609;0.0048449021608747;0.00575403587377184
0.00414707209711587;0.00465200453150807;0.00547269508906524;0.00595821906881446;0.00599824337715869;0.00452670717501843;0.00348080266100461;0.00370321299012763;0.00312928725605374;0.00412059000492709;0.00479792312979056;0.00479545343693532
0.00239952396668872;0.00449700638108471;0.0049911771705678;0.00568298642898589;0.00594636829760534;0.00601217612082673;0.00514694936754212;0.00423795785060951;0.00425552825510805;0.00304207245883988;0.00389848784486173;0.00407125896091306
0.00155321090841062;0.00234897501281051;0.00432734430711265;0.0047835043214094;0.00543717048671597;0.00566766098568997;0.00569706155803037;0.00494328595917809;0.00425314092953105;0.00421518794322818;0.0031282125131526;0.00505643857278453
0.00219371200331747;0.00210205719149558;0.00285117485878029;0.00435003499048069;0.00480224779450741;0.00579870771449357;0.0062544718664588;0.0062597056807191;0.00600773248669283;0.00463989086906051;0.00459449040791328;0.0033664921497561
0.00296400620283037;0.00272615554779127;0.00265755103405588;0.00306581519108262;0.00438612431556713;0.00507830163703671;0.00567134841298113;0.00610955002598016;0.00606813685242204;0.00568261666783103;0.00447371794980699;0.00471815025948799
0.00300165928861316;0.00282448335291812;0.002622069744362;0.00267672455114418;0.00291789577288481;0.00481280839344316;0.00520388034753334;0.00575433324322655;0.00633370948588233;0.00625520007982638;0.00593455864331173;0.00429247295365737
0.00252636444266102;0.00264963572490183;0.00248020708623148;0.00252997414435535;0.00264396544916135;0.00283205594471202;0.0041006921721967;0.00444837877296876;0.00465446536814161;0.0059944372734204;0.00589645917862972;0.00477259131197245
0.00295595559665724;0.00258069920671126;0.00267554780477817;0.00249180937468117;0.0026647829274818;0.00287784798167281;0.00315884698983191;0.00427106969961373;0.00435747029126041;0.0047162817239608;0.00589982102039496;0.00588082202395599
0.00312055845767857;0.003279750475051;0.002938803435216;0.00277036838235942;0.0025987080639109;0.00298204971879963;0.00302814784089789;0.00327028095199459;0.00387758070791783;0.00401936068836554;0.00428408243077525;0.00525206526752728
0.00238704266440005;0.00316260092849182;0.00331318085591222;0.00301860457912454;0.00275921087597082;0.00243375718740105;0.00250516028616983;0.00256415242189385;0.00290971245843041;0.00413137443629427;0.00423041757032627;0.00505646138775566
0.00346370935738284;0.00236656421252244;0.00308801802952503;0.00324700710931065;0.00294736431535076;0.00236080061037999;0.0021975266186264;0.00229083371817834;0.0022181774392403;0.0030698653386364;0.00411397328553769;0.00463501725138314
0.00343620661298889;0.00367522734248913;0.00268089858761827;0.00315861931180943;0.00331033885591312;0.00287476333964004;0.00268888382472703;0.00254670253560186;0.00237609241749528;0.00218420225489187;0.00296612449490374;0.0048922173470659
0.00217471648101538;0.00331584334136963;0.0035266386072115;0.00275200699650861;0.00317228658294798;0.00344399437820312;0.00318931635055345;0.00302622641842378;0.00302864721122436;0.00254399099559739;0.00239619949190304;0.00306695308952194
0.00255802616562999;0.00219773504178572;0.00322567309342472;0.003372326405411;0.0027017249919712;0.00322258487491566;0.00336631989976791;0.00315302146080823;0.00334633850052483;0.00338243338934998;0.00294630529247904;0.00295062976832666
0.00319328992313597;0.00302914311952536;0.00271704266627121;0.0034098121379351;0.00352502456117252;0.00257648113027899;0.00297304407664143;0.00310316477558712;0.0030474478071099;0.0035762873002045;0.00360072944436264;0.00351297524286853
0.00271290611225872;0.0033029005857329;0.00319621748331784;0.00283482932208984;0.00336012893479715;0.00348727132441931;0.00283655826241826;0.00320214892838983;0.00324203060631651;0.00312611829773594;0.0036026946853448;0.00341805240713942
0.00265055171078179;0.0025437029060854;0.00307426678975301;0.00311747688356925;0.00272182386510089;0.00337730723735769;0.00350151502905075;0.00292942496155159;0.00321506423046341;0.00323661573536483;0.00313159256287803;0.00315142430276918
0.003031459273566;0.00277882513791891;0.00265419309604227;0.0030571571638303;0.00318351800794953;0.00258378930768253;0.00313725995360915;0.00323051878151562;0.0028816184034182;0.00345942416919492;0.00348370309177351;0.0031583344010125
0.00303560636961069;0.00325723133965949;0.00302174830408408;0.00278935791247055;0.00313638475593913;0.00342653768102896;0.00308619940372821;0.00358276444396923;0.00367254817787872;0.00305215283111099;0.00356491606912794;0.00375770464192394
0.00276801807361341;0.0030368400835226;0.00325748981653232;0.00303200594536474;0.00274045540065315;0.00319976204890765;0.00327014321836054;0.00298082705244701;0.00343960322033418;0.00363684181979809;0.00308140622301762;0.0037418955487819
0.00267771285559324;0.00280152777889254;0.00305567137584015;0.00327330907548135;0.00303139543940828;0.00250503596121784;0.00283501740781148;0.00290396578449544;0.00287487875732197;0.0037903944521812;0.00396183947523993;0.00299952003694394
0.00352651808810114;0.00287598146002938;0.00298478216294441;0.00308243131602053;0.00328884866870414;0.00292790146133663;0.00271406375138024;0.00301785490975023;0.00288513300899389;0.00289361851360794;0.00372757337391211;0.0039498121633583
0.00334346519378047;0.0036467549455342;0.00303602167865242;0.00303100616895727;0.00307480851696704;0.00339967903633158;0.00320405774875878;0.00302572697595033;0.003206573827284;0.00286502063510472;0.00290707924681793;0.00388519984723417
0.00255590243950309;0.00318592107992873;0.00346240705313367;0.00305228327495677;0.00302026735768028;0.00302586820253806;0.00321191988732815;0.00303074687709007;0.00309372632018817;0.00347101000653393;0.00316772262929502;0.0028210743041622
0.00323204864838714;0.00259702415511937;0.00317353824796117;0.00338089179638088;0.00307617643016262;0.0029535694749085;0.00301359769151843;0.00316936672313502;0.00314059768746215;0.00335628972993534;0.00370163990410657;0.00366928712467905
0.00288672753435133;0.00358444451198672;0.00298886945508554;0.00330823831143607;0.00346270431217525;0.00308490592559664;0.00306264686709869;0.00315662204845327;0.00321638287651919;0.003161315495781;0.00337209937289278;0.00391131006416729
0.00226319651063995;0.00293760526946884;0.00359223977219564;0.00307526237101008;0.00324778888401396;0.00341717927887397;0.0031213622668107;0.0031277399746472;0.0032906516371891;0.00336845801266712;0.00332570288880715;0.0031740777596239
0.00309948477577068;0.00234545964656029;0.00295564598523017;0.00350969296610225;0.00304476869266035;0.00318812921408766;0.00332812170607753;0.00304746703128189;0.00316081699820714;0.00348359142784415;0.00355423909948207;0.0033128858925268
0.00310402798610934;0.00338369332126732;0.0026565706533443;0.00309966877634725;0.00359709098896262;0.00297576608482106;0.00318241452695935;0.00331154015951585;0.00306313436265417;0.00330672148816862;0.00359839818458895;0.00383534785176445
0.00215567989961786;0.00305816697942452;0.00333111459067597;0.0027193103885034;0.00305375491312764;0.00371761856192935;0.0033253733335707;0.00353469115588017;0.00366225713004301;0.0031675406588514;0.00338619934645744;0.00359618209417264
0.00210627288637683;0.00215897361591247;0.00300065890965407;0.00327773916260602;0.00272788790755645;0.00312091805579332;0.00355202410224724;0.0031962817534364;0.00351469002493509;0.00376066664760722;0.00332446736541035;0.00339689304953682
0.00232965725141193;0.00251732098006428;0.00253598680092228;0.00308715096552011;0.00334490469848082;0.00259959036181449;0.00291992289226062;0.00331552184185879;0.0031565977621859;0.00380725509419795;0.00402394491148093;0.00348654175666119
0.00207225440892784;0.00261901816733235;0.00280646751376614;0.00269971472334589;0.00306708522854266;0.00341890662469186;0.00294471188088646;0.00325373173506591;0.00345690673899673;0.00315910206902697;0.0037544767548166;0.00402394272923332
0.00316583218419289;0.00210035776030435;0.00262733677968792;0.00284761986165273;0.00268555669899561;0.00303328553193742;0.00324506026623575;0.00282580995420208;0.00307615879045375;0.00345916052575021;0.00320732799845372;0.00372973894464056
0.00324129500885133;0.0032345496679441;0.00221739337134397;0.0026737860481938;0.00289668480669156;0.00255283086081739;0.00292272910242704;0.00309829897325396;0.00290306652313059;0.00342024129982484;0.00378816391240428;0.00322496448829228
0.0027725709321422;0.00315090945228409;0.00311725961918003;0.00229978141484552;0.00269072852652138;0.00301027814114939;0.00288629776958221;0.00324777850946629;0.00331778698259944;0.00294393058987737;0.00341946719971111;0.00406765028097774
0.00191865159796836;0.00274583216237586;0.00307279979587864;0.00296287093887142;0.00229121941843645;0.00278083073832846;0.00296558603260876;0.00288784101497284;0.00328884002106978;0.003418933092138;0.003077989889939;0.00364527681662006
0.00240994175487789;0.00230724499512674;0.00301042103042171;0.00318014486156088;0.00302251975110733;0.00215057109745216;0.00249559987553656;0.00266214438168356;0.00278878791123367;0.00360594440822185;0.00371617303587193;0.00301569918686316
0.00282336370771517;0.00279000282746325;0.00274151513266578;0.00305237592618372;0.00313261665942482;0.00286630522604778;0.00227205838750237;0.00258973904695159;0.0026114334359642;0.0028742430934403;0.00359948247812341;0.00390537771047038
0.00197213072453478;0.00287647489518503;0.00285495936241319;0.00293677354495396;0.00305874107701328;0.00308745307926838;0.00299159225724081;0.00243617023619981;0.00260236478454474;0.00263142471437231;0.00289577320027854;0.00367314241217715
0.00232685012360659;0.00187749687769476;0.00271364615295964;0.00275952403037266;0.00289844281409567;0.00285004460779622;0.00295232409913983;0.00286403257209077;0.00251724265807532;0.00289978646825175;0.00296579070192614;0.00295684749787242
0.00275440268762161;0.00263291858277084;0.00216288359753767;0.00276454165992793;0.00283190310093823;0.00309399015887263;0.00328371256496992;0.00338143886729041;0.00346306269763554;0.00281978796654453;0.00314886365318564;0.00336440371260938
0.00309094584190554;0.00294072383063836;0.00284327479660556;0.0023032568507505;0.0027539740361775;0.00285668159786201;0.00293380238532947;0.00315875163641146;0.00336946419762898;0.00352877054029239;0.00295094354926702;0.00347096256094365
0.00369587589569457;0.00300347217831366;0.00288150625528958;0.00282369447464975;0.0022804479459598;0.00276228684926461;0.00280554363406812;0.00288000996399051;0.00331645933616893;0.00374690300205365;0.00387881607657674;0.00293492725561988
0.0031293476756734;0.00362839035815713;0.00293314642022061;0.00288697272174224;0.00284386229897148;0.00202082614445716;0.00244856224687018;0.00247340618889442;0.00237267304137117;0.00331019750430739;0.00367112641239245;0.00363650681278616
0.00223229685887178;0.00311234419939297;0.00352912319065611;0.00286258130019841;0.00288539511496217;0.00289398870187098;0.00245172586086058;0.0028554418786372;0.00280678305657763;0.00255845071217065;0.00339899787931448;0.00367337974561326
0.00267013369199437;0.00250423463327299;0.00327937746555305;0.0034884191053979;0.00289910277981253;0.00296559174405677;0.00294395483565597;0.00256983069520912;0.00290749551876976;0.0028337226738367;0.00259855865638821;0.00321184982006931
0.00254423269748134;0.00306312705406909;0.00293500331004629;0.0034337584354383;0.00350320830345718;0.00266317972255326;0.00264840518976498;0.00260894159172705;0.00261071249336809;0.00331110634595493;0.00324240873238786;0.00321880116797823
0.00267347895973729;0.00263280090621421;0.00317084354254272;0.00308148952913069;0.00339859759097595;0.00334613509399836;0.00283282305181092;0.00282445531427307;0.0027545853452804;0.00273550742156148;0.00340275513943062;0.00340966414588996
0.00297838436444306;0.00270212958506341;0.0026416047256815;0.00314223668806169;0.00307986532892582;0.00333328852637743;0.0034347114785255;0.0029727493899073;0.00288840581275034;0.00277075058600811;0.00276845540556656;0.00356462702242982
0.00270541233295684;0.00309129509628491;0.00277652503833288;0.002724972847239;0.00318758389757887;0.00314819804411013;0.00341086667451437;0.00354054593928799;0.0033849116925095;0.00319675559534615;0.00310237078490651;0.00266091113827555
0.00340299068782366;0.00275965260222496;0.00311970696041179;0.00273079170190438;0.00269406570103097;0.00331955388086702;0.003254885292688;0.00358032873045232;0.00384383926559165;0.00353777721718791;0.00336955411150084;0.00324174053211014
0.00300896023104111;0.00353204251239;0.00290257649989581;0.00316000715730671;0.00273884244830744;0.00267472768431722;0.00305263670877725;0.00298852575536849;0.0033819251149996;0.00396022060402953;0.00367473503350235;0.00357774903575688
0.00261812797015247;0.00298055789609348;0.00347730188102139;0.00293170333263208;0.0031121593781954;0.00246343784448551;0.002420335782906;0.00276619177365866;0.00270210321053323;0.00352678381884905;0.00405020010687517;0.00339071273079085
0.00238058608641563;0.00273789344626556;0.00306409625824837;0.00336844230752286;0.0029245777528182;0.00310668349388684;0.002794637215198;0.00275940601333338;0.00286726380921026;0.00272389245797092;0.00348761579777658;0.00387063616568469
0.00231655432123088;0.00268191027575863;0.00297213114806343;0.00317241102541721;0.00339279755067796;0.00283735796500611;0.00301218906779595;0.00272833329542834;0.00271266118630865;0.00296878469805971;0.00284940967144138;0.00356879438118741
0.00212621864799467;0.00249164296552532;0.00289304044795698;0.00298805863937053;0.00313760630382733;0.00332924288080848;0.00292677881422685;0.00310239631914874;0.00308136884909824;0.00307084265869822;0.00327371314986594;0.00317729686496574
0.00249895623521745;0.00227289933342642;0.00261233522779156;0.00301729772568651;0.00304092377892823;0.00314226848791475;0.00334524524562468;0.00298342983709471;0.00315544487807247;0.00316654289522457;0.00316191138512333;0.00366787553919612
0.00227442712006516;0.00262546008122575;0.00242722236811347;0.00263088795633591;0.00298828201337559;0.00285981755846784;0.00298030176832633;0.00320859815768686;0.00300993915697624;0.00338126777318885;0.00341451458630335;0.00339855158005558
0.0019966622783174;0.00235961973192401;0.00265853444080482;0.00248886800035172;0.00263880296075;0.00317642047316441;0.0032217984915377;0.0033699485552982;0.00361348896221658;0.00317730840641393;0.0034916072069014;0.00317797891485274
0.00365129645421127;0.00217418398467822;0.00248530381672328;0.00259764394523612;0.00246803905706058;0.00258250690025093;0.00289768537013974;0.00298194260664126;0.00314539992360384;0.00365153696742476;0.00329042673727896;0.00364421337627717
0.00307037740186182;0.00378766487358426;0.00237411114397097;0.00257210139334697;0.00263681040193475;0.00249322352424029;0.00263636358828711;0.00290691312639962;0.00312725660677972;0.003481585181866;0.00393341527042174;0.00331946732674732
0.00310338806348273;0.00281259851633744;0.00349312357690782;0.0023958780634138;0.00255149524276641;0.00249567989350393;0.00238987760297396;0.00254748550080374;0.00262495191076114;0.00307302116700635;0.00338598073787359;0.00383644972361984
0.0038095539654554;0.00315154924526359;0.00284252153326368;0.0033781900885005;0.00246399083763686;0.00257623596837662;0.00264707415483056;0.00253766236603825;0.00271921554897505;0.00289306954307762;0.00330001234241756;0.00361124959218355
0.00295306240401523;0.00401424057739482;0.00334079604043712;0.00300974316246295;0.0034039813597835;0.00232326962003147;0.0024488152373537;0.00255184865372673;0.00247382187813863;0.00283664512032289;0.00295661763152547;0.00320605537493152
0.00267620797041934;0.00290886069577743;0.00393168311437849;0.00322485525716595;0.0028717233888613;0.0033019693313678;0.00258825520438849;0.00272399171327932;0.00291617467277567;0.00276249834472645;0.00307805063569266;0.00346649578755209
0.00259008719657934;0.0029144891772835;0.00309205553137318;0.00404133314169852;0.0034021529859629;0.00284355911311108;0.00315212592453012;0.00239879962252647;0.00255716658052649;0.00298415561955236;0.00286281617952405;0.00315799852869121
0.00216365793003036;0.00288399804422274;0.00319107729414975;0.00317900710879637;0.00396346244375357;0.00294645224884984;0.00267457510192118;0.00301907824998156;0.00253334707451306;0.00289374574289791;0.00326185964624518;0.00308154554105594
0.00278066012042151;0.0023187904402041;0.00301389952336437;0.00324414206468075;0.00314694611131423;0.00423114664179025;0.00372763536441433;0.00347123226467688;0.0037311585466776;0.00257233163278389;0.00288952144355708;0.00317564433993066
0.00317311222677443;0.00293724623487923;0.00250708260379477;0.00314107411405455;0.00328169691132277;0.00302919336753233;0.00364849497173476;0.00315527256671712;0.00312328445031582;0.00373935402305903;0.00281676144317457;0.0031356994679555
0.00325168723525503;0.00317222914822369;0.00294243694190192;0.0025648835549153;0.00308114452152074;0.00323855358073461;0.003185202031218;0.0038041329611367;0.00367561560619827;0.00360372635215162;0.00412510614685495;0.00282386921021649
0.00316136009978738;0.00314447503177242;0.00303505474611254;0.00282283189537623;0.00254223584138246;0.00326864145718314;0.00337355446711965;0.00336082566377419;0.00367301036543348;0.00339093983117415;0.00336903466521112;0.0040227518399796
0.00273168605446914;0.00323972120906303;0.00320016150538949;0.00304958721548933;0.00287920227066131;0.00249059504792266;0.00292441534492816;0.0030636245780639;0.00320874991143844;0.00391230509548871;0.00374757591569483;0.00344273633170916
0.0025353215868281;0.00290801102655674;0.00335218606821741;0.00312467752748346;0.00297276608874508;0.00272859024226813;0.00248343323777056;0.00291632330529584;0.00304489929025158;0.00339560631399901;0.00394189054991034;0.00327593236952094
0.00189083910727974;0.00277323107999536;0.00310352655915706;0.00341379508382759;0.00314367646364153;0.00291406878636484;0.00277588203993107;0.00252620444269339;0.00274608216695508;0.00302847150255986;0.00334610634867201;0.004349183218431
0.00156462857400861;0.00214589134155035;0.00292905999682758;0.00318516679992831;0.00339802044902628;0.002877653439128;0.00277130912594625;0.00263324705798869;0.00247518565662805;0.00297017195477755;0.00319969684319052;0.00334269681449242
0.00117718069229857;0.00182711654529407;0.00235816317914856;0.0030057198189207;0.0031841539557594;0.00339698723048382;0.00320710045388766;0.00311296945539261;0.00305350178439456;0.00266611125993592;0.00306902658767246;0.00334918705368622
0.00172801100778777;0.00150493147548172;0.00210111636684988;0.00253232216464619;0.00300071835384678;0.00319641868469971;0.00339097333497625;0.00322750390774137;0.00321824946362563;0.00309088286110919;0.00279193084312111;0.00348150175603677
0.00181123842862707;0.00190823896666078;0.00172818081729161;0.00218239494928025;0.00249149775014839;0.00304885070226214;0.00319903126988029;0.00340443888126617;0.00352435885781533;0.00352350911536098;0.00341049438135446;0.00296396080709517
0.0023293576616264;0.00191242747186192;0.00197249076471892;0.00188878202667237;0.00220046494176559;0.00254470919276107;0.00294328455208479;0.00311627711098991;0.00331692065045334;0.0035492660722441;0.00356276266666724;0.00334426718431119
0.00269063585475885;0.00229540791732688;0.00189257964561729;0.00187370834210839;0.00184000457789519;0.00214847228298792;0.00241903658627942;0.00284741546130678;0.00297601532166711;0.00343866242356109;0.00367526180996215;0.00356107682066469
0.00248158198543126;0.00276988020015867;0.00234284394956519;0.00194981964798284;0.00188726137966898;0.00191956296517966;0.00219259275318875;0.00245994730467355;0.00277182446142668;0.00308422039775168;0.00348217612157395;0.00341120477399425
0.0021771959932374;0.00249308822671891;0.00271946229433631;0.00218516564205513;0.00187490445153973;0.00172927880570745;0.00168673758038889;0.00198314448949714;0.00218395830169123;0.00290446034058058;0.00318348569413212;0.00359497859964789
0.00171671027647315;0.0023652617596446;0.00258671294586652;0.00272600512799594;0.00223647411309732;0.00178471191520701;0.00176062074939181;0.00170157306027129;0.00196627936350318;0.00245663455084467;0.00304147294354192;0.00335776752266102
0.00172540261265964;0.0019816535163325;0.00257002808967328;0.00261706476842377;0.00267327622003337;0.00187550768242859;0.00161199203332006;0.00161117133227672;0.00152434192471247;0.00209752559989739;0.00250444156185247;0.00329110071221722
0.00121118915896493;0.00197691459832812;0.00223077702993979;0.00266514506334358;0.00260570856877623;0.00261250154943039;0.00222961110089712;0.00199096303369543;0.0020540105883444;0.00182777103543308;0.00234464559104811;0.00286485930143909
0.000938647479634307;0.00144021983928599;0.00213236641335976;0.00235792939122097;0.00264699805633628;0.00240525232405459;0.00247776449196015;0.00211699827977399;0.00201272363399028;0.00220494923031393;0.00200438317170221;0.00258431762261047
0.00140950019850962;0.00115830659230812;0.00161675426295863;0.00215111631880556;0.00233159676892545;0.00263734919707191;0.00258954418518013;0.0026824946467336;0.00265181230509708;0.00241494061855576;0.00258357063280923;0.00243286490658458
0.00211909802621727;0.00168255584528947;0.00143915106184916;0.00177101511132668;0.00215704838806067;0.00236001908716218;0.00261452371208609;0.00264661722647833;0.00277571304396442;0.00268973829127569;0.00249570334183716;0.00255286817227182
0.00196359415315214;0.0021259724107241;0.00174331300465686;0.00149552963458617;0.00170755397833122;0.00210868811964877;0.00225475783364061;0.00254981445437881;0.00273934795727959;0.00304492175370438;0.00299722328920473;0.00260960283213342
0.00241902197058377;0.00190230292388186;0.00200935667430517;0.00172055715521556;0.00150446702401536;0.00170915993241129;0.00202965666191356;0.0021732316575796;0.00242864345493046;0.00284844692916267;0.00311801047199968;0.00269095704365708
0.00214366670202017;0.00248671473369141;0.0019345622822743;0.00186249912722657;0.00168176967709019;0.0013532698251037;0.00153600144403782;0.00190966590110398;0.00198806287715773;0.002552459623503;0.00294801075430636;0.00318565559496293
0.00161694073747246;0.00230304200079511;0.00256188918982704;0.00194171201815709;0.00183322743748554;0.00165808815577508;0.00148180939423438;0.00170015286174065;0.00198199153913877;0.00216733098099077;0.00267771808413521;0.00289298080201083
0.00225721709048079;0.00173361771327721;0.00239935859330111;0.00245185221902372;0.00191424836842356;0.00162881424944909;0.0014762405622769;0.00130389097236093;0.00150984967351548;0.00214890235911784;0.00231473789641253;0.00289250116662365
0.00197215406984094;0.00252959503778343;0.00201378408716488;0.00252950822945162;0.00251923041208965;0.00169780075806225;0.00160138115671513;0.00141622353257928;0.00137609916109256;0.00183054663293483;0.00240776302837299;0.00266203764383613
0.00206060331012791;0.00203212928753104;0.00254908838219534;0.00205923511770399;0.00243061525914692;0.00226338446239374;0.0018000137474423;0.00177693979472276;0.00162008651382712;0.00150967432173597;0.00192217468734239;0.0026131932127708
0.00225510879428435;0.00208613299107681;0.00205165024556;0.00249171152951884;0.00208564326298385;0.00252538238903614;0.00250802974225562;0.00210055594025928;0.00225274112806483;0.00189036835695025;0.00179385744809436;0.0022474718958132
0.00138586554584529;0.00244331956119276;0.00224893961339822;0.00215541215861069;0.0024930160474197;0.00192196230136757;0.00224421268783877;0.00229230963965547;0.00221001513610681;0.00252605790625377;0.00220558762946468;0.00195860822938658
0.00127616677602197;0.00148934949125097;0.00247552339127359;0.00214199122127978;0.00204517052158238;0.00247920717869281;0.00212757401351799;0.00247706798901798;0.00266415763205997;0.00245496419817371;0.00274866350319472;0.00238900024634405
0.00398258887929576;0.00159831485539287;0.00178049993206974;0.00253649877608051;0.0022126033272813;0.00203103849380001;0.00232171950037615;0.00197864377171921;0.00224279197749454;0.00264399514977452;0.00247846748554418;0.0026031813934559
0.00259127292703456;0.00405245502730809;0.00187778189118734;0.00191465756742354;0.00246913861512602;0.00191543976329363;0.00182940046691644;0.00213099750413823;0.00198650567642197;0.00256897140613569;0.00296597145670874;0.00242579425106318
0.00143602400715307;0.00209741028305187;0.00345944665221931;0.0018868881358376;0.00187016269851368;0.00252595633182213;0.00225341427190556;0.00218718650295348;0.00236311260980637;0.00201952098399589;0.00255574429958835;0.00280609116471624
0.00317217666376975;0.00149437149259806;0.0020281891764564;0.00304353783596487;0.0019256997866831;0.00181780786557475;0.00230177905099875;0.00209507185544663;0.00212565275536706;0.00252967684126133;0.0022309489786116;0.00289430304026499
0.00273782439329772;0.00381814022481603;0.00220458515704954;0.00236093638991792;0.00309437928382456;0.00187331597839974;0.00186749080834705;0.00239067672216769;0.00242975971855163;0.0024716134445311;0.00283831173420647;0.00232538723820279
0.00343637650518473;0.00259063182900069;0.00371899946699965;0.00214890879849109;0.0021246473776436;0.00293606472380864;0.00193695838552318;0.00197307231773689;0.00235574416167941;0.00237936170956146;0.00243364934048083;0.00295562299658888
0.00299981168955661;0.00313663882062394;0.00234881632986015;0.00367889795682011;0.00239159083586473;0.0020444323755667;0.00270099379183246;0.00162768281113744;0.00176729720908657;0.00261197188720336;0.00266464764988251;0.00263674062470904
0.00246015698754116;0.00314784430149563;0.00318569930583448;0.00241891392780604;0.00361149241135177;0.00184942051384094;0.0018605692805972;0.0025422665622203;0.00166494530714405;0.00193729489800254;0.00271652871937683;0.00250181135309539
0.00266057051412238;0.00255992907512034;0.00320531965124534;0.00288825037752994;0.00228684923775039;0.00414918402659828;0.00303639686744099;0.00313418840212229;0.00368296633062098;0.00172917564097923;0.00199206389322013;0.00295009936075179
0.00283552836022826;0.00298740216264107;0.00289200312293235;0.00346884031861407;0.00304334435417757;0.00220945459432635;0.00321037862436446;0.00217427043365947;0.00261541692289287;0.0038341320011858;0.00207041398677223;0.0022229179812718
0.00352606530763637;0.00285363975953345;0.00302595539328318;0.00285684017467148;0.00332096985739872;0.00245228126553137;0.00191987177856874;0.00284597475824499;0.00239278335073999;0.00325436588244386;0.00436883917154574;0.00226016417836995
0.00464310917427983;0.00342052770048779;0.00279814314374952;0.00309331828596131;0.0029301785747796;0.00358206706016003;0.00322953281269925;0.00273702141538075;0.00288961865333781;0.00175249482181301;0.0025457342466678;0.00392009160987207
0.00239329767370817;0.00441029088000832;0.00328506916851432;0.00275088624538488;0.00305429868604421;0.00279477737510488;0.003194970838564;0.00296127715455329;0.00273905279683995;0.00317676067069104;0.00219625117788397;0.00274512023005279
0.00222189018540229;0.00233380033438919;0.00411108066575089;0.00316466330561746;0.00276378516254841;0.00331342377644936;0.00316223387645476;0.00354944417620353;0.00378427068153794;0.00324162163161405;0.00362324567342362;0.00189341596458026
0.00407021855930139;0.0026480092574877;0.00272704495862;0.00395247138760805;0.00321155522113425;0.00265584473662821;0.00292233327263703;0.00279459861917277;0.00299034490028623;0.00347958480332244;0.00301698905854218;0.00423220492753005
0.00330321870959302;0.00442856847553817;0.00320949842965003;0.00319206315242499;0.00398650205688173;0.00300089285595811;0.00263215095795991;0.00284465090341721;0.00285663943536092;0.00333210624832663;0.00382766637221949;0.00302881830510212
0.00206290071161524;0.00289322713164292;0.0039664921264239;0.00305320924218131;0.0029808001860802;0.00374416646831758;0.0030805927882915;0.00273011041193417;0.00269202937991229;0.00267957336747271;0.00310943321503353;0.00311934257528165
0.00376482494223156;0.00216419567375849;0.00273333876017221;0.00390503985134721;0.00326712539070008;0.00311742641325717;0.00381473869022227;0.00316901914146254;0.00297495605484174;0.00292233599505792;0.00292524112433277;0.00359801641977514
0.00280971709704429;0.0040519628565886;0.00258846925965581;0.00282969561805322;0.00388959562011853;0.00325011769608452;0.00321297399878325;0.00395250086552585;0.0036054268536446;0.00313364303158386;0.00306181902898622;0.00290762392247714
0.00239151264243712;0.00291914741452659;0.00407541425288677;0.00267927982341445;0.00266959954341613;0.00428084815116532;0.00373940377161593;0.00370886595565762;0.00453781771790873;0.00368137727719276;0.00324326566269974;0.00347153433517215
0.00271333851526119;0.00212986938702328;0.00260983884124225;0.00369221820490396;0.00259623250204904;0.00216538162393755;0.00313472085008759;0.00260390944954243;0.00270065129090919;0.00440885599675122;0.00358011219017651;0.0029284148490437
0.00375209679843781;0.00303527022240482;0.0023486909708324;0.00277146911831912;0.00379769552744249;0.00239275654909403;0.00242819597467083;0.00333436442507836;0.00271465922350006;0.00292545829742975;0.00447869897787677;0.00330062930942003
0.00318828878757774;0.00360475188610346;0.00311544419332333;0.00245073671926689;0.00279088975234474;0.00422207277980906;0.00317469627095165;0.00313471251667109;0.00329331791348177;0.00210033473503234;0.00226599121014036;0.00400897642652021
0.00220417354766384;0.00299477180370017;0.00330956809349962;0.00306091469165016;0.00238372710543684;0.00282259684087229;0.0037935630883014;0.00287256968827633;0.00338550080691415;0.00384186807512779;0.00274423799939291;0.00280812325818971
0.00237641077443171;0.00235841108722613;0.00293756696806601;0.00312696378445184;0.00308049084569108;0.00196793470219347;0.002327145702134;0.00322931813347233;0.0027124731476119;0.00374598155199328;0.00430479630362931;0.0030108694197847
0.00333285572794039;0.00279492761713861;0.00271704617111968;0.00310014157469357;0.00321441599568446;0.00347161054575475;0.00284635518630423;0.00316567182217956;0.00348595154581446;0.00233640282330221;0.0031609435409087;0.00437643662759702
0.00278371656537714;0.00324367768819211;0.00297794707215869;0.00286126544952819;0.00311877427491828;0.0031548780417571;0.00300904389657621;0.00242668633084801;0.00260433072631798;0.00333166601888467;0.00218134490271313;0.0027545057034774
0.00116565374261879;0.00262185426487062;0.00300328580751326;0.00295390117628918;0.00281650837382195;0.00290951307065133;0.00304701020269293;0.00295780376893914;0.00292151630904767;0.00331579611466027;0.00409982965749192;0.0024829513674295
0.00120701837705103;0.00150896309172017;0.0025544731237962;0.00285010828350244;0.00293073851495203;0.00265021111831996;0.00291197575140817;0.00303377307954327;0.00256182535935184;0.00250884600368949;0.00288119118142995;0.00417748567349639
0.00233002076522469;0.00178926210400659;0.00193463808580264;0.00266940689698901;0.0029313895704006;0.00336329352419176;0.00321505606894768;0.00347485731121295;0.00371664707308209;0.00277711909333595;0.00255835006030292;0.00309487847184546
4.3432029671989e-05;0.00229066459562301;0.00206761536779056;0.00213974557855745;0.00268522742690466;0.00296822574963749;0.00304998615604548;0.00293445913917056;0.00334509354268448;0.00383125324825825;0.00304278098376503;0.00237671897832839
0.000360247733191408;0.000211837824160185;0.00207841704905025;0.00204850759910839;0.0020857573974226;0.00242830558973933;0.00268398635148128;0.00277297258006869;0.00285176778508711;0.00366464397123644;0.0041107571732104;0.00347348997179152
0.000491084050137546;0.000630559092926953;0.000339387151455332;0.00197293534759836;0.00209526582264271;0.00199460380261761;0.00248464283605636;0.00271404280627854;0.00227463608558102;0.00239632871466705;0.00316503035549409;0.00359031812321451
0.000739507941328693;0.000875873958065333;0.000898444675634797;0.000588303721483986;0.00207040694781175;0.00253215292396795;0.00251828839747263;0.00296013258110598;0.00313972351640927;0.00230046054776974;0.0023877017039088;0.00313018205367785
0.00145834677594643;0.000620156887355663;0.000961983546350433;0.000941338304674185;0.000597572860551398;0.00219383399945628;0.00231427352837953;0.00229443563414273;0.00307608145507194;0.00343022273921103;0.00276481487553608;0.00269396471800433
0.00217423448684369;0.00140442511922652;0.000570493166437393;0.00106061815545493;0.000987774930783014;0.000346879954977551;0.00163573722907148;0.00178738517401638;0.00201709836598312;0.00343998062092599;0.00382699279026716;0.00338162829873557
0.00334674102333817;0.00206375085227425;0.0013642974909346;0.000521344532564495;0.00113644023165282;0.000880019351673122;0.000498880053728494;0.0017399097338114;0.00128155003468842;0.00168379929894315;0.00296164564138335;0.00345836242650064
0.00246253902127737;0.00320224042278436;0.00200974687967376;0.00137418418218318;0.000506326333379559;0.00149691816058226;0.00139633734735265;0.00104819209848347;0.00198576763141344;0.00107301036481397;0.00135405037996858;0.00277445532777081
0.00196850807906301;0.00254555628133834;0.0030795587134623;0.00198228823624279;0.00134636546749515;0.000201058921317656;0.000765260645710009;0.000676022771241882;0.000840776820204319;0.00244180403654077;0.00175890086765357;0.00203041680640726
0.0023469974556094;0.00223308968793817;0.00262245120670031;0.00299808689378669;0.00195179647615472;0.00118342921769689;0.000420438526625906;0.00100536969400782;0.0011871391589535;0.00142200064289814;0.00308733934305447;0.00271480492628676
0.0023600944804154;0.00254862300132236;0.00244914997567916;0.0027077976205473;0.00298812922456928;0.00170996283889093;0.00115604035827193;0.000401190011361165;0.000209110259035298;0.000514818761538843;0.000590807742510629;0.00294092715194588
0.00213711761990738;0.00230822839216108;0.00260785014000545;0.002522271227398;0.00269921944109403;0.00288614207346233;0.0019246053348295;0.00137106568563038;0.00123670162206559;0.000822789714886997;0.00102582354405403;0.000794994742213003
0.00243816584995847;0.00215757441541401;0.00225557000919283;0.00263881816164027;0.00256170713691405;0.00261352244610648;0.00282761430371999;0.00192060462294427;0.00170554909160893;0.00149803372010622;0.00137169666592393;0.00143387565316927
0.002260675255453;0.00252162368221622;0.00220709432289826;0.00225866652894649;0.00266215499122994;0.00256294240058157;0.002700430804221;0.00292744863774294;0.00254558412848831;0.00217487525842221;0.00173765032616039;0.00211049863750461
0.00207750536270142;0.0024038593106446;0.00259423699271459;0.00223658648000221;0.00224589189643973;0.00287642476070442;0.0028083771286448;0.00293993170689079;0.00332042040263902;0.00266396191018111;0.00219218025991989;0.00126129753837251
0.00317011336010384;0.00218572335768635;0.00246878170238637;0.00259708712793587;0.00223601157772114;0.00218493003690729;0.00258843883324359;0.00250056167215902;0.00282647381922626;0.00354365867012887;0.00271754167900004;0.00192750051649314
0.00401797993399318;0.00306952458263946;0.0022384913867635;0.00251594285530217;0.00262743317748299;0.002104890505233;0.00209247818061495;0.00246942876213135;0.00242717134331116;0.00305156055274597;0.003689114411922;0.00231643084551758
0.00302581657088855;0.00375249388025698;0.00299112976624745;0.00228205614176846;0.00253501412122385;0.00260301562602469;0.0022459014046659;0.00222634907627348;0.00214640015914562;0.0020803990078468;0.00259733044735492;0.00329291195709563
0.000664794186588719;0.00308000384202974;0.00357693309467523;0.00292272127597004;0.0022956902236945;0.00259029950286766;0.00267674843861465;0.00232775397619756;0.00244380078354667;0.00225547794674937;0.00216848718241523;0.00268611384100198
0.000230526705614314;0.00141292176439311;0.00314679469237935;0.00349547733336732;0.00293003909767733;0.00225651892012739;0.00248849851595983;0.00257379734566652;0.00256337840695888;0.00278564018097295;0.00279555012896003;0.00265904826518482
0.000604272911384244;0.000925176477477982;0.00186077750201021;0.00324989920234453;0.00347940197653136;0.00287576154043445;0.00233001414399396;0.00254684430133563;0.00268484017898135;0.00270470771890999;0.00287647506096059;0.00319247804491782
0.00149029472638725;0.000729355937044325;0.00127238504841332;0.00214340939703947;0.00325355854284484;0.00332735805504177;0.00282134887128628;0.00227032053913653;0.00238115117150824;0.00264303867027368;0.00253132766373341;0.00266257705623641
0.00293108453390352;0.00108230742786304;0.000688964952533057;0.00139865900926784;0.00222214441595086;0.00309896532696407;0.00326028966810989;0.00276819090847582;0.00238093362071982;0.00256691420945989;0.00278689274807395;0.00241489756223154
0.00324862839562476;0.00250831449773859;0.000897496334275745;0.000697241504980357;0.00144373228805521;0.00241108743646443;0.00331915779578249;0.0034984748282384;0.00311401649366812;0.00242781806470162;0.00263928164024126;0.00287067734634828
0.00166888999219808;0.00313488737532675;0.00231101235919063;0.000760581760508291;0.000659329682356517;0.00182404054742449;0.00259949166266754;0.0035169862720654;0.00392321426813947;0.00322579797710579;0.0024986054856372;0.00284184613509031
0.00165148814019768;0.00215261689306198;0.00307600082135228;0.00220301401307368;0.000760268211596634;0.000871357808950942;0.00163623707214977;0.00239664838537308;0.00353756727523208;0.00429549716947341;0.00358778070763447;0.00259772319426736
0.00220653726248846;0.00208606190306788;0.00246096201137585;0.00307652677490134;0.00223377491627823;0.000410889430071759;0.000362059333282305;0.00107960523205856;0.00145399702820359;0.00361246004246038;0.0042725595382485;0.00333228124940522
0.00282607679269317;0.00228753632409003;0.00236088446340938;0.00268325759537342;0.00310334783197945;0.00191987498593592;0.00051799785191686;0.000443813342501788;0.000301679754699794;0.000986732232872466;0.003032910090959;0.00368650555506156
0.00262951405817914;0.00243602351735167;0.00223267825570946;0.00239451589000218;0.00265983859747698;0.00292421073989913;0.00208962758453614;0.000751997010479683;0.000277211046972529;-9.66880016663864e-05;0.000742724987536257;0.00303884107643296
0.00273382776030496;0.00259011856141588;0.00222730712119401;0.00214781815052302;0.00234206713198881;0.00263923789510558;0.00310111858646358;0.00230675814226595;0.0018510243661118;0.000963850725112609;0.000931085025290615;0.00215704205366715
0.00250175299797432;0.00287643512417466;0.00258737680029494;0.00214289811865587;0.00211733557144795;0.00247495374136249;0.00278797949112026;0.00323924587466008;0.00321837218744976;0.00247428451024734;0.00173751884038331;0.00223873616171528
0.00322809631933788;0.00277448391048147;0.00299891480386508;0.00265064084269022;0.00221705464662222;0.00233976265174067;0.0025259272615364;0.00284579493724817;0.00359810049860667;0.00360548555866182;0.00253437707086933;0.00188331051448686
0.00338041725664826;0.00309299060973892;0.00287848636357958;0.00304420826084398;0.0027011992356112;0.00202576931940557;0.00195676980177405;0.00216249081825342;0.00237088232512075;0.00373743291886339;0.00346264723142093;0.00157098208548992
0.00240214148719346;0.00325509354953308;0.00301523321917148;0.00293316040823152;0.00304897775149877;0.00252363913875995;0.00204207543999815;0.00201585893521699;0.00183230432269009;0.00219395615366862;0.00343732910509203;0.00260513489670984
0.00204726101637724;0.00256587169636852;0.00315931655078193;0.00294368256727586;0.00290378148881876;0.00297715017439778;0.00262661597853774;0.00213555305867312;0.00178542532778029;0.00141872692150416;0.00182269925160057;0.00314114247252379
0.00270211817151436;0.00245535070343333;0.00271693436699304;0.0031620250399765;0.002956531782957;0.00305322337850836;0.00317004039731036;0.0028040589889688;0.00292751842202574;0.00224502099112194;0.00202531212068667;0.00257164135859639
0.00358347215840295;0.00277146482365519;0.00270223800411209;0.0028380270835351;0.00319414825935782;0.00293929106628238;0.00291763447837348;0.00302844348475291;0.00310749454052965;0.00338289296710307;0.00281511525152621;0.00279120542734157
0.00389393925444101;0.00322547603814918;0.00276852087786538;0.00278305724290192;0.00285376584948606;0.00315740761358194;0.00295249106172125;0.00294080636223638;0.00313385960069517;0.00334618506333324;0.00340072951945908;0.00292166256530187
0.00242597898197569;0.00357606690379818;0.00300271538762381;0.00271204049513318;0.00275742687762257;0.00268700787030843;0.00302052762947812;0.00282375691081537;0.00253935851612405;0.00288807865491479;0.00292924062398134;0.00265350715644186
0.00171284149910305;0.00284338038223777;0.00344132995605374;0.00292608110847348;0.00270885059357171;0.00286764833381027;0.00291468514351751;0.00323846637028826;0.0031638259296681;0.0026260383158233;0.0029318353908973;0.00272361015251424
0.00305771340350859;0.00238591521021594;0.00312130119601107;0.003452326329347;0.00296155961023708;0.00287960852234214;0.00293543863077801;0.00297087782270892;0.00335793609774069;0.00323060893758458;0.0027808713338297;0.00311740006169801
0.00278636393943863;0.00301558441897104;0.00271457478704644;0.00325577048471482;0.00348579229120147;0.00287749559849469;0.00268744699061319;0.00274872356324331;0.00306314731554841;0.00376159216032225;0.00357733850281585;0.00319914282514722
0.00289386042446368;0.00249031540764049;0.00286860145551125;0.00272657948193632;0.00322117616817789;0.00321607681317799;0.00273308869835733;0.0025512112179521;0.00236017319924664;0.00295714516457609;0.00363785777545305;0.00334270680418374
0.00193925829773354;0.00274030663757014;0.00233389821893147;0.00275718295133548;0.00267758876437031;0.0031524100968729;0.00334640826462494;0.00287981106556229;0.00244136034639987;0.00208551379084817;0.00258176375476253;0.0033552259651865
0.00170123073892191;0.00248761953011092;0.00277336519620436;0.00238728536229777;0.00283061239540651;0.00291618892392605;0.00338981175645041;0.00355227987195131;0.00338267312703491;0.00259053816779067;0.00233110018571253;0.00275686806941145
0.00379749931439246;0.0021321374175758;0.0027564950943827;0.00282895851211998;0.00243747964076613;0.00313621746924409;0.00307113209262851;0.00349043299733151;0.00418043626342207;0.00386706635360994;0.00318305710425998;0.00302360219539447
0.00412425225969605;0.00334013357386863;0.00228579552384776;0.0028121723090403;0.00281044611139767;0.0022326850316917;0.00269460083466668;0.00266139689018367;0.0031618832855148;0.0044090745699887;0.00397866882277288;0.00330968205914338
0.00815742382776854;0.00343939350857232;0.00300863941028401;0.00222451835113181;0.00275175004865365;0.00244677316711016;0.00203961897228367;0.00247814347963424;0.00206074669029515;0.00297288120286659;0.00398540478685577;0.00331163746244121
0.00497204255624871;0.00666602537511835;0.00325993441882202;0.00294732407036984;0.00223871321052436;0.00294108952057874;0.00286931024592576;0.00249035882692843;0.00234343074810878;0.00155263810591171;0.00244352073923534;0.00335973202653562
0.000925930485776528;0.00505275480842702;0.00602546631600194;0.00342915691671877;0.00315294527838683;0.00245944492823495;0.00299242209075585;0.00288957559708355;0.0028647393004232;0.00262270638601594;0.00200329790076406;0.00300415899910612
0.00250476698361499;0.00290195494074711;0.00554265541954599;0.00594602224278858;0.00342609229502443;0.00320118446528114;0.00254382642419602;0.00300837449368236;0.00361813349759393;0.00354709923583459;0.00355796894493182;0.00304033582846627
0.0032919414763379;0.00404510052436942;0.0040642399910867;0.00597552574332251;0.00626471303318433;0.00289766226298754;0.00266687704929784;0.00213657692396607;0.0023460679005493;0.00346576056748664;0.00325587131267052;0.00355768088364602
0.000761162573103862;0.00233749147743384;0.00383873175617165;0.00385461672208683;0.00560267771904375;0.00548229577535959;0.00275213986722805;0.00257830810582287;0.00186614233080554;0.00229262642504182;0.00309400628674455;0.00267168427699579
0.00203143796378836;0.000656998311247758;0.00158827268262579;0.00295787573919082;0.00304030595709541;0.0055800321479213;0.00571441377231267;0.00338708922166277;0.00300642029881617;0.00159866437531039;0.00214961580054429;0.00275827368838923
0.004139600382126;0.00228325061686723;0.000810993036849765;0.00158321327592956;0.00285794693595308;0.00301628752085208;0.00531607379381212;0.00547135552997968;0.00425938011707885;0.0034763439564062;0.00213916908394276;0.00288319263509599
0.00283014370611502;0.00386877855451446;0.0024244228368265;0.0011910105406303;0.00201492554542641;0.00437936170027078;0.00468144303767593;0.00666064156548461;0.00765454008907053;0.00491756167993488;0.00417484859383948;0.00270854045779255
0.002891100330351;0.00270764041406036;0.00369290872261455;0.00242981451596913;0.00134119624775969;0.00244807487206648;0.00422971227960453;0.00444847695251283;0.00564144210450037;0.00766222184970782;0.00430708085682159;0.00361544303549751
0.00448618683740764;0.00305260196316842;0.00274132777733948;0.00360937611338701;0.00235143498163701;0.000395363302629678;0.00142673668031566;0.0030429483941657;0.00313874867055378;0.00587812352323952;0.00760847360648086;0.00328461584539871
0.0039829911512262;0.00419960100530411;0.0030955579376429;0.0027646798534318;0.0036020444655504;0.00188168512566153;0.00035216219788483;0.00112757037582741;0.000367386624851602;0.000652595892338723;0.00408005170394505;0.00556825869051305
4.28237746543856e-05;0.00380307413450262;0.00407792412869806;0.00312630055203939;0.00285555606675738;0.00418469165029661;0.002678041789862;0.00129598219396068;0.00155176256426361;4.1575870593533e-05;0.000486751297369427;0.00459575709581122
-0.000284248329787956;0.00163365087653967;0.00379968258220704;0.00406046444674218;0.00313760862823485;0.00258718111223919;0.00366909225248795;0.00238879094876958;0.00248815490806144;0.00314775671040572;0.00262763544061011;0.00311337017796979
0.000912075011329559;0.00106435111831672;0.002030426017443;0.00381507436390638;0.00402843300813415;0.00280991089900843;0.0023656397935389;0.00331391263851524;0.00302474654640306;0.00319687539490716;0.00417265807619592;0.00474719962383705
0.00199986694566092;0.000712313130117897;0.00120186836838988;0.00200770502565389;0.00386627656479695;0.0042732379355832;0.00317279993753676;0.00287608300559514;0.00289113026305821;0.00214272448580533;0.00159285635657583;0.00300221691608579
0.00116881105377401;0.000672690554408701;0.000666463597322326;0.00120851338932717;0.00212322907486027;0.00386972350697843;0.00418527723178594;0.00318815649530157;0.00331861338432399;0.00351870917647113;0.00229443163885202;0.000897237622262661
0.00321855482253323;0.00115240151749725;0.000390467052220471;0.000647199372513804;0.00100983437204591;0.00170928787655624;0.00356166063838667;0.00384987567705757;0.00358143400823019;0.00379369936228722;0.0043652440856176;0.00243972273450015
0.00450984977103313;0.0031575459676596;0.0013292941039893;0.000510903310777172;0.000341960702135018;0.00115165218595699;0.00196490291047478;0.00380635048124213;0.00379433379941316;0.00317621375451007;0.00317004568528321;0.00425581724390309
0.00318426503547695;0.00414607938973984;0.00295095383977822;0.00128916317211727;0.000784370946812167;0.00135909394826897;0.00210110190352187;0.00301495331692949;0.00400500961035976;0.00396829868924415;0.00302111553929098;0.00278518033494132
0.00401488138621893;0.00335375882676825;0.00415773730958202;0.0030483546926151;0.001629490552893;0.000519238793198703;0.0010571571864495;0.00164105784189592;0.00203784312430561;0.00440811868070176;0.00452311715521849;0.0030675833950221
0.00332341960797399;0.00402525405683191;0.00343658466831832;0.00416565172905493;0.00323711044661566;0.00104532518967186;-5.47998075858072e-05;0.000185443802830432;-0.000100022937229445;0.00102873401967209;0.00407815779506153;0.0043515886535302
0.00268035357695653;0.00362424990087542;0.00396252839178481;0.00336229503130876;0.00397733870070802;0.00260318255871375;0.000544960036356125;-0.000372883917884181;-0.00117831265625205;-0.00159463937847037;4.81395442980955e-05;0.00377630274535282
0.00201459543630158;0.00301582718596385;0.00374348068821528;0.00398238233831784;0.00348217422066039;0.00439986953718761;0.00312958398720824;0.00122663635617386;0.0015011540093996;3.5251543315914e-05;-6.80315766417457e-06;0.0020650664833837
0.0032841166214777;0.00252767100117811;0.00305868057897301;0.00375151125190031;0.0040338447137839;0.0032726562355535;0.00411166976298367;0.00289857032658076;0.00291478437391993;0.00323697557965928;0.00196286287404607;0.00243130547598199
0.00284897272117241;0.00290137189107277;0.00265250012660901;0.00304311284213081;0.00362426193638196;0.00384599455080986;0.00315419322901462;0.0039556193568314;0.00388630620468145;0.00358255596082879;0.00346741461632118;0.00260415923121024
0.00500202832829278;0.00275263373622034;0.00276228126246893;0.0026474686682137;0.0030854485627464;0.00393152977075749;0.00413118591271746;0.00345057379316953;0.00351005008778078;0.003212868297194;0.00205592928958949;0.001367352141887
0.00371992947201487;0.00409253875882271;0.00278861356332603;0.00277743954979596;0.00254973116660081;0.00294795131839909;0.00372405621484678;0.00396086889782878;0.00396400041734672;0.00422229419921502;0.00340239078756204;0.00102433966608532
0.00384288501965064;0.00402785698017289;0.00383068072295209;0.00277477205394642;0.00279075030855;0.0027710334274427;0.00311829757771409;0.00385333354627634;0.00408232844193759;0.00396669765370928;0.00457196340576022;0.0030201373638661
0.00373710370602528;0.00406141940267389;0.00421741477746357;0.0038305137783858;0.00274182065782093;0.00271138846296868;0.0027206766781461;0.00313007745795548;0.0031981531765392;0.00367731242035673;0.00327490800285055;0.00435019147165933
0.00341626805579409;0.00408908167184407;0.0040265314342634;0.00415225301140459;0.00400703466811741;0.00291149822807604;0.00288608157220583;0.00277821903712749;0.00307800073734882;0.00335894317140046;0.00393254720593616;0.00313141626125338
0.00292313983754439;0.0033517935332765;0.00422809467224665;0.00403851569137041;0.00416110366214739;0.0034580987905334;0.00240679057057133;0.00239722695329866;0.00205344390428203;0.00265377779034805;0.00325742007357381;0.0039473240092758
0.00438834161010898;0.00311227839174174;0.00329678416467777;0.00422052564278848;0.0041781305442811;0.00438673975081207;0.00377253437641546;0.00263271661206068;0.00267475988877196;0.00197363078185975;0.00273375422300936;0.00378005904182919
0.00679657020826388;0.00385987119218644;0.00320549792424651;0.00331576357904928;0.00399763617714934;0.00362935745776356;0.00382157033972651;0.00335887227349831;0.00278175731512809;0.00286434170831918;0.00215736070787278;0.00314948444456963
0.00572088645079723;0.00546007768512383;0.00364797980246946;0.00317328756246746;0.00333612929746986;0.00460804952932774;0.00428836646782819;0.00446901540164921;0.00500039241235028;0.00363743650206819;0.00368562690725185;0.00298198719327123
0.00253106638497035;0.00544352666022434;0.00520100152340158;0.00371898933858529;0.00316875002905982;0.00323784798227596;0.00438352913129368;0.00415827393480813;0.00414964424208725;0.00494729473856386;0.0032095049794051;0.00324839858933769
0.00362699283717973;0.00437824302249531;0.00543805516307787;0.00519376656730001;0.0037131478493929;0.00326821835181849;0.00335172763386713;0.00437482579145614;0.00469756893895895;0.00471692305514458;0.00522564848532453;0.00287381116241311
-0.00219865118701181;0.00442460630308401;0.00467245038906734;0.00534735492688761;0.00515885344640774;0.00356520845164677;0.00309158185860253;0.0031993469606178;0.00292953408205796;0.00345147413287904;0.00354639883847829;0.00369757742484938
-0.00838768492452949;8.85109256904709e-05;0.00439460124781243;0.00459464275320684;0.00560690578348986;0.00533190435921283;0.00373224284949856;0.00321942298254024;0.00338071526785247;0.00318127927118481;0.00355150662346444;0.0037262726050435
-0.0049696420811418;-0.0047623562148718;0.0012486421811601;0.00450625367643448;0.00481660839642777;0.00531094385915074;0.00504979651292642;0.00337580396983133;0.00296796489451576;0.00329736132684516;0.00355300029069639;0.00375757234809239
-0.000867262101287861;-0.00395170353269249;-0.00344559822765053;0.0010725346152306;0.00414648221019586;0.00438610336667187;0.00498916501231023;0.0047054778385427;0.00403168468485882;0.00319533831852939;0.00354356728119181;0.00446490784250408
-0.000450989656589993;-0.00320578390710288;-0.00415131376194615;-0.00337794150607611;0.000648619977844232;0.00441642385871439;0.00466510454803252;0.00561110808875998;0.00556333298212351;0.00403818601483347;0.00306036958809057;0.00345377716208295
-0.000573619725745958;-0.00248098307202493;-0.00376271162812321;-0.00373973131958713;-0.00375552035054246;0.00126266694116564;0.00514377597530189;0.00550419477454415;0.00665659394204019;0.00659067858723224;0.0045365733598061;0.00329778358199292
0.00203433663601926;-0.000153075521530572;-0.00291559745383101;-0.00375180315039256;-0.00420512198540833;-0.004454398342484;0.000662433931641408;0.00461432722386227;0.00491965747920738;0.00690788741621822;0.00676766859308832;0.00380449027229925
0.0022932149454576;0.00256527888089384;0.00010230104760842;-0.00317836328642312;-0.00432442667574644;-0.00408185448456222;-0.00395000648852904;0.00112299459436089;0.00268497083671726;0.00310250375058748;0.0052867399890619;0.00498063926588134
0.00493816846571113;0.00228799843486445;0.00234469065266643;-0.000253402232739582;-0.00279453887524919;-0.00403700262870772;-0.0036204084417159;-0.00331189946138167;-0.0014244176217303;0.00132343570685402;0.00186845838653821;0.00432903691395073
0.00152027175436259;0.00373157996799924;0.00245343640379961;0.00242124608501274;0.000253209306758473;-0.00375351979739898;-0.00486993432298702;-0.00512563099610464;-0.00509037402089387;-0.00140039916563102;0.00310809514823962;0.00376295773264839
0.00313775126899694;0.00191553701419567;0.00292724130863357;0.00246776626191652;0.00237665482810719;-0.000582202518303759;-0.00461423365605032;-0.00580274432556642;-0.00716374444361866;-0.00705362670890362;-0.00102841821917137;0.00497380266094836
0.00354478883379683;0.00389895048501259;0.00309538694153831;0.00330201022030963;0.00212711156393704;0.00197987366588876;-0.000950164366874318;-0.00368540021696848;-0.00441514823740919;-0.00666413857316312;-0.00635288704241509;0.00170222195686856
0.00256892411057101;0.00333709116903923;0.00311352717534812;0.00260779580440462;0.00319035655717551;0.00237155526873574;0.0023057424654286;4.44847062149691e-05;0.000793096324798637;-0.000490682436148593;-0.00249294901933645;-0.00224394159230355
0.00339626842695407;0.00273450112588106;0.00379175487617002;0.00318898303887821;0.00248613777519213;0.00251917635440963;0.00214167266779492;0.00218586241097438;0.00239656019273133;0.00327529960143201;0.00138750751922652;-0.000388725904163176
0.00187908353488883;0.00326342882966297;0.00254512179243765;0.00381418751475786;0.00347174740660056;0.00258504959569682;0.00246185105648363;0.00187335184696422;0.00198558428393065;0.00215582140741937;0.000847918372268408;-0.0014695979449488
0.00195026928517202;0.0023619217221337;0.00328680867456295;0.00253225080678754;0.00361402343039747;0.00282134661079519;0.00208020127358256;0.00222155556181802;0.00135810882659101;0.00147015035051426;1.29028961932342e-05;-0.00287158562146445
0.00118227410403994;0.00257809767426821;0.00276852595030461;0.00332767698550692;0.00263141583588135;0.00425375712393797;0.00344789808972991;0.00291085094429914;0.00359454548953051;0.00200185571422883;0.00212469684512455;-0.000463981486149315
0.00118683232925647;0.00171714569345437;0.00255814916252102;0.00256259400241971;0.00328028959642979;0.00230646610954173;0.00389079790957716;0.00332508186098593;0.002994615566698;0.00438012394327938;0.00269609894420805;0.00283974661783129
0.00120064282146451;0.00156711524038558;0.00203267644337661;0.00248082056064978;0.00257110140164345;0.00334137085727571;0.00243483382320105;0.00394125120183148;0.00404245167265567;0.00354057313296123;0.00474555558807447;0.00277700410589679
0.000569492635649188;0.00132879894242031;0.0014832261757523;0.00195388322851718;0.00257050065746536;0.00260180914481931;0.00323307549971793;0.00239811073286496;0.00231197460148343;0.0025515740897515;0.00189624763339915;0.00322897720356533
0.000790805223824719;0.00100355674926062;0.0014902397088844;0.00147949923732103;0.00191552177138766;0.00255431509431585;0.00252817488141187;0.00319808957158315;0.00309510057845957;0.00293107839424657;0.00285636748698242;0.00181367650157187
0.00185142751418965;0.00122203325064263;0.00121546616141156;0.00148685501050731;0.00156283555804631;0.00219805783316956;0.00267208074663039;0.00270380434732665;0.00310721465526765;0.00296169774142401;0.00374662656392051;0.0034446300871973
0.00166784987335552;0.00177497800168483;0.001313409456869;0.00109144986180851;0.00146221010978326;0.00146152260445097;0.00202799629886337;0.00257856563368299;0.00273632639857285;0.0033825839632301;0.00271794000703231;0.00408886297709574
0.00178247335656399;0.00158219864948334;0.00158761176360514;0.00125805642646011;0.00115994921615588;0.00153351976103953;0.00149950688243345;0.00202065281769594;0.00241599764643556;0.00265065868433213;0.00349845679381782;0.00244551672639543
0.00308021218182716;0.00199456818243134;0.0017750510288494;0.00169687328263875;0.00131883561250044;0.00105076293942184;0.00134748483164162;0.0013775182454466;0.00143424724669525;0.00209299648734997;0.00224459912120589;0.00334989334317119
0.00267880781906522;0.00290706493889748;0.00203244738737983;0.00174633918205106;0.00171914021518452;0.00128238743593155;0.000988751116135513;0.00133331958279712;0.00146653103315225;0.0016257775439613;0.00240732516662278;0.00255741840229955
0.00339420618198655;0.00261729025477631;0.00271935347406161;0.00195999082155615;0.0017158435077325;0.00162041241013847;0.00124722866058568;0.00105341157690828;0.00127668971702068;0.00149568860342051;0.00192921453803153;0.00293602688689877
0.00343064221514996;0.00335875159324779;0.00282030242443198;0.0028203837217633;0.00202834680640608;0.00165613120404;0.00156099547184284;0.0011985060834183;0.00134616731352025;0.00172236562651536;0.00186703361811259;0.00248012758517644
0.00323714044872405;0.0033492334392761;0.00316127821284315;0.00276968745347462;0.00281829148790931;0.00181002443661256;0.00145721557618561;0.00140723794899916;0.00125091337654869;0.00143273323525921;0.00189315870885146;0.00205706015651828
0.00441271978167963;0.00338649283187871;0.00348528224674018;0.00318719224893247;0.00272745166512745;0.00273225749582165;0.00183064141278113;0.00153939371964311;0.00160624695937619;0.00133845891760023;0.00132278407075016;0.00192250526911851
0.00416696669438506;0.00411079411710682;0.00336920890705624;0.00347432687237687;0.00325086475825931;0.00272673450257706;0.00271397750173062;0.00187655273872802;0.0018822136307965;0.00196382474008729;0.00155177359682507;0.00146892970752635
0.00345497695325183;0.00386517764175489;0.0038415059874394;0.00332073193739997;0.00342586217589583;0.00303675932916701;0.00257885551185664;0.00259066466408496;0.0023508515136191;0.00233050276483593;0.00235543317651001;0.00179676722339378
0.00218176736145248;0.00370253065794401;0.0039522525648716;0.00399350817525604;0.00338069926508755;0.00351484230406063;0.00312592194379112;0.00266741575748708;0.00275030435307536;0.00233075113104979;0.00213550627630096;0.00213880569689994
0.00311640045715268;0.00299651614016463;0.00387757591665292;0.00398180094554287;0.00398667032674072;0.00326503378719711;0.00338480728845097;0.0030715688284966;0.00287285475830474;0.00299386432149929;0.00217983276345096;0.00187470527084269
0.00319657883909873;0.00340185300974954;0.00339481673751252;0.00374523629067456;0.00391385228762866;0.00393719788125646;0.00332658511132061;0.00343678295280003;0.00347546166265294;0.0031428383781188;0.0032411931135897;0.00210937196035777
0.00224416260236151;0.00283570409626011;0.00302047099162143;0.00316271990955847;0.00377350881577415;0.00391426197469859;0.00395755652052688;0.00335757532501339;0.00337240369429345;0.00338538520310093;0.00288271536971739;0.00299637567252851
0.00195785648768169;0.00240477664822256;0.00288329250727823;0.00313726521610814;0.00320161847473275;0.00371206373062815;0.00380425430027686;0.00382778881117897;0.00355756239497004;0.00359142843528448;0.00340221352574846;0.00272309603012238
0.00249881687190919;0.00248576179469402;0.00259745520116471;0.00302914159993681;0.00324672052701017;0.00343136557914533;0.00376574196032685;0.00388682550659029;0.00384317766369132;0.00339289517775911;0.0034881864921553;0.00320229252583053
0.00158202984229428;0.00272876656316823;0.00269265926841763;0.00246708039165463;0.00291542220043739;0.00325534894791386;0.00346060422591394;0.00390214838765592;0.0040350474299121;0.00397995549512226;0.00329518511280283;0.00343795887646711
0.00244490206595247;0.00185077775268112;0.00259336736484777;0.0025466335451499;0.00252199737686315;0.00309767001931304;0.0034347502659705;0.00357440340099466;0.0040557815417753;0.0042672660872203;0.00425298742804981;0.00332365814707823
0.00254118162287624;0.00251628658715129;0.00218259672870548;0.00265551879549517;0.00261929738805141;0.00235148765303846;0.00286791100113938;0.00314248239361155;0.00305029823154847;0.00379473777069802;0.00401599662428039;0.00400490657934229
0.00226400700707733;0.00235411070448587;0.00221865063563521;0.00210927220732672;0.00272555853639352;0.00266681457536719;0.00231931802227509;0.00279512909741584;0.00278202605140899;0.00266217686391191;0.00344940755640841;0.00371554609082737
0.00246339954111727;0.00248168061832565;0.00256573253016766;0.0023228146074741;0.002093787313816;0.00274162055626202;0.00269146223718334;0.00249118799508026;0.00261171491645113;0.00261904535999237;0.0026278038907788;0.00359303411702667
0.000343690161156876;0.00267835896561485;0.00252384595322475;0.00260295770237829;0.00242416424721532;0.00226965205775973;0.00281193222563503;0.00276481503737723;0.00299166993765945;0.0032129266677639;0.00339818765248371;0.00345074685373852
0.00077588420845545;0.00131836773117939;0.00279859089424594;0.00243994865395708;0.00252724745454096;0.00220053605046942;0.00210995330833352;0.0026603274768958;0.00266651634096529;0.0029822684727341;0.00343742498245541;0.00372430255766201
0.00105880137901383;0.00158171260197475;0.00192671720608719;0.00276122087741783;0.00253267866285139;0.00263594747144947;0.00231308948746033;0.00217394745291312;0.00247710585378377;0.00247212818627234;0.00254878403263665;0.00318021593962761
0.00329867796217877;0.00106525327235054;0.00139749120186609;0.00162089256905485;0.00277623501803192;0.00231402363848386;0.00240969163550545;0.00215581835763625;0.00196510614000887;0.00245904555272438;0.00242057783546927;0.00242338876517522
0.00351210588358845;0.00243936820961849;0.00115361391517071;0.0013874783412514;0.00166494997603844;0.00283798887306176;0.00235814896647788;0.00244067727543954;0.00248474094671469;0.00219205769463457;0.00288792639918758;0.00282881466005009
0.00270525456939127;0.00264396334704037;0.00174613097930876;0.00129849615092003;0.00156873570594382;0.00188225311109043;0.00279517197542697;0.00242851398541388;0.00244915527454278;0.00248986949669952;0.00219731221174304;0.0030961196677063
0.00152085898159947;0.00313349086477258;0.00297264578224566;0.00213003389584302;0.00123967314789329;0.00155597989919661;0.00180909078268704;0.00279247169026535;0.00288520434438983;0.00292136398828404;0.00278857696547724;0.00239413599644364
0.00181075241877866;0.00271684739559903;0.00340302384096379;0.0030301037331507;0.00220363598411143;0.00148207635787708;0.00174192532043062;0.00200846131829564;0.0026916260861098;0.00276263579273354;0.0028593403871341;0.00260256699499968
0.00225187867409994;0.00265031080756189;0.00331848228608807;0.00312137976107177;0.00288474159347726;0.00172684040897874;0.00125844587797465;0.00152710600101731;0.00166808870629237;0.00270559412666719;0.00252508350382565;0.0026451348041008
0.00357503789105947;0.00202247414538354;0.00237076898801419;0.00293259570601374;0.00324262394183106;0.00278261053213768;0.0017053387341078;0.00105710039909396;0.00116733513469279;0.00138303416237853;0.00275744097316209;0.00242362825807308
-0.000127156978065859;0.00271375433004169;0.00192640243310217;0.00233969297079421;0.00293985201091783;0.00286815159647217;0.00236603803054623;0.00137176277838848;0.000626234733977154;0.000817882230600561;0.00112532517564576;0.00293244894617814
0.000166579280693088;0.000612196425951401;0.00217720052527508;0.00208129435212984;0.0024292371398526;0.00321921797995989;0.00294682278889756;0.0025515376193396;0.0023473473463233;0.00123414641977619;0.00154629373482645;0.00194783021748238
0.00206442332685461;0.00193178146924853;0.00212444156388709;0.0025029152141714;0.00199864753325591;0.00252336410172658;0.00328029445972368;0.00323803408671396;0.00331250040111949;0.00298794533920489;0.00178522464864882;0.00220707270451949
0.00127076668473692;0.00189343653407001;0.00158938549785177;0.0014742162197288;0.00255868916212857;0.00221257129307382;0.0027546966220925;0.00343817580242874;0.00408160915436942;0.00409323951548095;0.00325358745025267;0.00186567216280694
0.00144576091643826;0.000895890736780671;0.00168596066852048;0.0012618117015739;0.00139626437215032;0.00222171878826443;0.00201633827783006;0.00249714152709679;0.00269671568475195;0.00353029472669491;0.00336831213115447;0.00211089836360704
0.00209857792126053;0.00136275414241058;0.000829934964798943;0.0018339396909957;0.0015378137481943;0.00150871744370006;0.00207663555144883;0.00172552501060117;0.00176152600201896;0.00203665202468776;0.00268831487579999;0.00231943693389818
0.0022526473901697;0.00220993744001965;0.0015519302320984;0.000989888153652932;0.00184771534102946;0.0013847631827517;0.00134121900844824;0.00193348507899585;0.0013549623814362;0.00140361883934877;0.00204560219340567;0.00254890122151739
0.00167676716252747;0.00237434105286577;0.00218958571666143;0.00154728245207077;0.00104044703085692;0.00231093829659477;0.00176643721864862;0.00169572970242086;0.00265789195665308;0.00192561534559617;0.00225186564193429;0.00317885163646375
0.00223014985793112;0.00209087844546039;0.00249644804984372;0.00220219199062881;0.00150608360928697;0.000758144079589568;0.00233357315864506;0.00190562763020939;0.00211397728013901;0.00328111034332158;0.00254653663724499;0.00309425764224562
0.00264610508445799;0.00241333759243494;0.0022786452900429;0.00243906367677201;0.00219011413369939;0.00131329419706375;0.00046720915127651;0.0016312448945194;0.00162550002473527;0.00183678011062854;0.00326882146505739;0.00250713795403323
0.00240434145029423;0.00243474983689728;0.00226863856598235;0.00213856397964459;0.00244637317771871;0.0020465870407023;0.00108997646165389;0.000463471625002704;0.000554335089247721;0.000480358348209579;0.000709617929350677;0.00225983475351188
0.00178504487289759;0.0023850859399874;0.00239949018691414;0.00230743443327385;0.00216406307852539;0.00244076558291329;0.00195888184011758;0.00124193167132955;0.00115663838925218;0.00123875470195749;0.00096628530528914;0.00113716256535762
0.00205752158297855;0.0022479078047613;0.00247516585729318;0.00247425472462218;0.00234026759197109;0.00213731072911029;0.00235788883283726;0.00204148420198855;0.00189239320799694;0.00179928544052409;0.00243799225510392;0.00201359797955522
0.00271654916124118;0.00247002595253342;0.00248404154187053;0.0024626187326754;0.00245721463521643;0.00230497957066339;0.00213018153190863;0.00233019453994906;0.00235524436825415;0.0021708679668046;0.00174294202449743;0.00294638933267311
0.00167691925488783;0.00252423570460382;0.00240537228548233;0.0023104783365044;0.00242939483816577;0.00241118156352587;0.00230125036881005;0.0021360905325496;0.00236827395117409;0.00239866845569477;0.00177657628781307;0.00101487283915837
0.00164521340573837;0.00193212079275641;0.00244646897843356;0.00236988294938259;0.00232606984028889;0.00232292808481855;0.0023308931055412;0.00223822507381305;0.00218830340232438;0.00245982214482201;0.0022556482139297;0.00132674014529461
0.00189830113419522;0.00214373703373729;0.00220348552896915;0.00252105424522584;0.00241312904385023;0.0023244680903833;0.00219135559393035;0.00219366132764109;0.00212584203406189;0.00205990389236292;0.00242939287939178;0.00215511032073375
0.000852676229329688;0.00217792876052486;0.00213415502416508;0.00209735905353056;0.00254369766398939;0.0024419444820678;0.00229106639246934;0.00222358046814473;0.00223895339480285;0.00215553828560079;0.00199458259070774;0.00247708081140549
0.00189910745510681;0.00148807082864719;0.002216446140879;0.00208782165183725;0.00209805046260824;0.00252616755102471;0.00244821539231385;0.00235879206492733;0.00261187400635303;0.00262264768110218;0.00248257909262978;0.002271442894795
0.00128205490009713;0.00196714609047932;0.00176145033382183;0.00219225745158589;0.00208388821601791;0.00205182594820084;0.00249981457556691;0.00243730865350113;0.00250634592396966;0.00274045724022163;0.00276908657257919;0.0025827698785045
-9.08529650452848e-05;0.00148556838502665;0.00171666800680869;0.00160537255546053;0.00225129622794449;0.00208885706576623;0.0019766857131731;0.00231318541978665;0.00224133740692036;0.00228991531456618;0.00246814480873324;0.00250672601853049
-0.000700277009221669;0.000943809627556467;0.00179475214765124;0.00185510059200017;0.00167997887624943;0.00228936611208047;0.00201741260902963;0.001953821276038;0.00214379758821626;0.00205851845476352;0.00203601870298131;0.00226512180221987
-0.00269903712580084;0.00058542184319381;0.00124489875160702;0.00173372658083472;0.00187158590860765;0.00172609054753014;0.00229905807069356;0.00212027459357494;0.00223277209205336;0.00248723105823294;0.00236097023487976;0.00230535461972291
0.00176121473993939;-0.000888720591699607;0.000888284362896207;0.00106613716615033;0.00176019248506147;0.00184893047929887;0.00171186465623084;0.00216299249795334;0.00226502374866924;0.00236826636141173;0.00285240355085653;0.00268694984889367
0.00093511875517728;0.000995457956420144;-0.000251918770738503;0.000650129304740135;0.00107791980450181;0.00176501480988893;0.00174217912762609;0.00162746706454107;0.00194512732896367;0.00201906439614781;0.00206562362304283;0.00271409208655432
0.000528015513751136;-5.14803457464389e-06;-0.00018838129747369;-0.000599632458344651;0.000797316198743243;0.00108800093761121;0.00169306824582377;0.00171849874734404;0.00158251508265676;0.00201387011631954;0.00194536219104996;0.0019877254690455
0.00281997877753008;0.000865093542849212;0.000628208197901372;0.000428601133408164;-0.000446080437431473;0.000894010375511274;0.000961374821069253;0.00148252728919628;0.00171444240985154;0.00158664537704405;0.00228931596647731;0.00220705178931409
0.00241579149220486;0.00268886217139609;0.000891702785853738;0.000763541358341505;0.000505016627456908;-0.000277689388833294;0.000926504351441612;0.00105582754914303;0.00152349942332139;0.0017373310873663;0.00153582272131508;0.0024854480753054
0.00185371366038674;0.0024093687697513;0.00248705402024756;0.000863706389564622;0.00059067173904926;0.000336317791624403;-0.000207533888267568;0.000823041011263625;0.00134303162791642;0.00190911549223538;0.00211149630448148;0.00183324244130047
0.00131598178656595;0.00230836300998811;0.00259308062173191;0.00256423870494961;0.000540267083219491;0.000342974199238669;4.06199124212211e-05;-0.000456721967993633;0.000469834103159411;0.00105930153915585;0.00188522449493702;0.00217131362965688
0.000803144032698188;0.00205329873661015;0.0024262707293821;0.00254548575858375;0.00256041285340947;0.000300435722857667;7.82592168159311e-05;-0.000171632763176515;-0.000977918655235744;0.000147553693187704;0.000683130631494085;0.00179109627959646
0.00220770806140751;0.00157913629403849;0.00227511136142481;0.00231992714219806;0.00252785335657991;0.00251783969681122;-0.000191180825765645;-0.000353611492116521;-0.000286939176911667;-0.00118318995501307;0.000439772225786047;0.00117283022464456
0.00153582826271367;0.0019816978728386;0.00170896404078713;0.00208262578746813;0.00229066262276366;0.00248096729267434;0.00243623528298436;0.000319541015599753;0.000225766052707305;0.000228074699327291;-0.000826245251781267;0.00135340969697278
