0.00271333851526119;0.00212986938702328;0.00260983884124225;0.00369221820490396;0.00259623250204904;0.00216538162393755;0.00313472085008759;0.00260390944954243;0.00270065129090919;0.00440885599675122;0.00358011219017651;0.0029284148490437;NA;NA;NA
0.00375209679843781;0.00303527022240482;0.0023486909708324;0.00277146911831912;0.00379769552744249;0.00239275654909403;0.00242819597467083;0.00333436442507836;0.00271465922350006;0.00292545829742975;0.00447869897787677;0.00330062930942003;NA;NA;NA
0.00318828878757774;0.00360475188610346;0.00311544419332333;0.00245073671926689;0.00279088975234474;0.00422207277980906;0.00317469627095165;0.00313471251667109;0.00329331791348177;0.00210033473503234;0.00226599121014036;0.00400897642652021;0.00889022377421189;NA;NA
0.00220417354766384;0.00299477180370017;0.00330956809349962;0.00306091469165016;0.00238372710543684;0.00282259684087229;0.0037935630883014;0.00287256968827633;0.00338550080691415;0.00384186807512779;0.00274423799939291;0.00280812325818971;0.0107043349108866;NA;NA
0.00237641077443171;0.00235841108722613;0.00293756696806601;0.00312696378445184;0.00308049084569108;0.00196793470219347;0.002327145702134;0.00322931813347233;0.0027124731476119;0.00374598155199328;0.00430479630362931;0.0030108694197847;0.00914836695973076;NA;NA
0.00333285572794039;0.00279492761713861;0.00271704617111968;0.00310014157469357;0.00321441599568446;0.00347161054575475;0.00284635518630423;0.00316567182217956;0.00348595154581446;0.00233640282330221;0.0031609435409087;0.00437643662759702;0.00729724003060506;0.0186197578062008;NA
0.00278371656537714;0.00324367768819211;0.00297794707215869;0.00286126544952819;0.00311877427491828;0.0031548780417571;0.00300904389657621;0.00242668633084801;0.00260433072631798;0.00333166601888467;0.00218134490271313;0.0027545057034774;0.00817134711106959;0.02033265529647;NA
0.00116565374261879;0.00262185426487062;0.00300328580751326;0.00295390117628918;0.00281650837382195;0.00290951307065133;0.00304701020269293;0.00295780376893914;0.00292151630904767;0.00331579611466027;0.00409982965749192;0.0024829513674295;0.00961041361053105;0.0183883511276468;NA
0.00120701837705103;0.00150896309172017;0.0025544731237962;0.00285010828350244;0.00293073851495203;0.00265021111831996;0.00291197575140817;0.00303377307954327;0.00256182535935184;0.00250884600368949;0.00288119118142995;0.00417748567349639;0.00798116948241789;0.0157092924786848;NA
0.00233002076522469;0.00178926210400659;0.00193463808580264;0.00266940689698901;0.0029313895704006;0.00336329352419176;0.00321505606894768;0.00347485731121295;0.00371664707308209;0.00277711909333595;0.00255835006030292;0.00309487847184546;0.0046161916670997;0.0175235591014009;NA
4.3432029671989e-05;0.00229066459562301;0.00206761536779056;0.00213974557855745;0.00268522742690466;0.00296822574963749;0.00304998615604548;0.00293445913917056;0.00334509354268448;0.00383125324825825;0.00304278098376503;0.00237671897832839;0.00507225514202925;0.0184700114977381;NA
0.000360247733191408;0.000211837824160185;0.00207841704905025;0.00204850759910839;0.0020857573974226;0.00242830558973933;0.00268398635148128;0.00277297258006869;0.00285176778508711;0.00366464397123644;0.0041107571732104;0.00347348997179152;0.00671405451033125;0.0158465755419759;0.0369087675588065
0.000491084050137546;0.000630559092926953;0.000339387151455332;0.00197293534759836;0.00209526582264271;0.00199460380261761;0.00248464283605636;0.00271404280627854;0.00227463608558102;0.00239632871466705;0.00316503035549409;0.00359031812321451;0.000594752844265578;0.0108779712964646;0.0422899569307065
0.000739507941328693;0.000875873958065333;0.000898444675634797;0.000588303721483986;0.00207040694781175;0.00253215292396795;0.00251828839747263;0.00296013258110598;0.00313972351640927;0.00230046054776974;0.0023877017039088;0.00313018205367785;0.00189036904844309;0.0117969142414425;0.0386073092549175
0.00145834677594643;0.000620156887355663;0.000961983546350433;0.000941338304674185;0.000597572860551398;0.00219383399945628;0.00231427352837953;0.00229443563414273;0.00307608145507194;0.00343022273921103;0.00276481487553608;0.00269396471800433;0.00233068708717221;0.013006158751101;0.0325625334344066
0.00217423448684369;0.00140442511922652;0.000570493166437393;0.00106061815545493;0.000987774930783014;0.000346879954977551;0.00163573722907148;0.00178738517401638;0.00201709836598312;0.00343998062092599;0.00382699279026716;0.00338162829873557;0.00193139254719243;0.00212918447950461;0.0344739805343703
0.00334674102333817;0.00206375085227425;0.0013642974909346;0.000521344532564495;0.00113644023165282;0.000880019351673122;0.000498880053728494;0.0017399097338114;0.00128155003468842;0.00168379929894315;0.00296164564138335;0.00345836242650064;0.00423302599173647;0.00470744520696287;0.0382364079564697
0.00246253902127737;0.00320224042278436;0.00200974687967376;0.00137418418218318;0.000506326333379559;0.00149691816058226;0.00139633734735265;0.00104819209848347;0.00198576763141344;0.00107301036481397;0.00135405037996858;0.00277445532777081;0.0062607455927699;0.00603777956697571;0.0339567737373345
0.00196850807906301;0.00254555628133834;0.0030795587134623;0.00198228823624279;0.00134636546749515;0.000201058921317656;0.000765260645710009;0.000676022771241882;0.000840776820204319;0.00244180403654077;0.00175890086765357;0.00203041680640726;0.00965945820569525;0.00316296704894503;0.0229648276953065
0.0023469974556094;0.00223308968793817;0.00262245120670031;0.00299808689378669;0.00195179647615472;0.00118342921769689;0.000420438526625906;0.00100536969400782;0.0011871391589535;0.00142200064289814;0.00308733934305447;0.00271480492628676;0.00764996496547776;0.00815862389430366;0.0229052976191921
0.0023600944804154;0.00254862300132236;0.00244914997567916;0.0027077976205473;0.00298812922456928;0.00170996283889093;0.00115604035827193;0.000401190011361165;0.000209110259035298;0.000514818761538843;0.000590807742510629;0.00294092715194588;0.00666544470694941;0.011950798248928;0.0270975628457293
0.00213711761990738;0.00230822839216108;0.00260785014000545;0.002522271227398;0.00269921944109403;0.00288614207346233;0.0019246053348295;0.00137106568563038;0.00123670162206559;0.000822789714886997;0.00102582354405403;0.000794994742213003;0.00752223485227765;0.018644033840717;0.00734690309898234
0.00243816584995847;0.00215757441541401;0.00225557000919283;0.00263881816164027;0.00256170713691405;0.00261352244610648;0.00282761430371999;0.00192060462294427;0.00170554909160893;0.00149803372010622;0.00137169666592393;0.00143387565316927;0.00693988253544875;0.0157534848856573;0.0109867411052527
0.002260675255453;0.00252162368221622;0.00220709432289826;0.00225866652894649;0.00266215499122994;0.00256294240058157;0.002700430804221;0.00292744863774294;0.00254558412848831;0.00217487525842221;0.00173765032616039;0.00211049863750461;0.00651588631581945;0.014382973451611;0.0123759855264816
0.00207750536270142;0.0024038593106446;0.00259423699271459;0.00223658648000221;0.00224589189643973;0.00287642476070442;0.0028083771286448;0.00293993170689079;0.00332042040263902;0.00266396191018111;0.00219218025991989;0.00126129753837251;0.00757305748084192;0.0157836057667136;0.00975621513758407
0.00317011336010384;0.00218572335768635;0.00246878170238637;0.00259708712793587;0.00223601157772114;0.00218493003690729;0.00258843883324359;0.00250056167215902;0.00282647381922626;0.00354365867012887;0.00271754167900004;0.00192750051649314;0.00715027974754423;0.0136908247956293;0.0188179244727229
0.00401797993399318;0.00306952458263946;0.0022384913867635;0.00251594285530217;0.00262743317748299;0.002104890505233;0.00209247818061495;0.00246942876213135;0.00242717134331116;0.00305156055274597;0.003689114411922;0.00231643084551758;0.00651581432457649;0.0131507529330257;0.0262915282589375
0.00302581657088855;0.00375249388025698;0.00299112976624745;0.00228205614176846;0.00253501412122385;0.00260301562602469;0.0022459014046659;0.00222634907627348;0.00214640015914562;0.0020803990078468;0.00259733044735492;0.00329291195709563;0.00925919112256945;0.0154804675352693;0.0387741371317376
0.000664794186588719;0.00308000384202974;0.00357693309467523;0.00292272127597004;0.0022956902236945;0.00259029950286766;0.00267674843861465;0.00232775397619756;0.00244380078354667;0.00225547794674937;0.00216848718241523;0.00268611384100198;0.0113903327499987;0.0148657905840854;0.0329398636792073
0.000230526705614314;0.00141292176439311;0.00314679469237935;0.00349547733336732;0.00293003909767733;0.00225651892012739;0.00248849851595983;0.00257379734566652;0.00256337840695888;0.00278564018097295;0.00279555012896003;0.00265904826518482;0.00928117772186621;0.0134102924202959;0.0293283769484192
0.000604272911384244;0.000925176477477982;0.00186077750201021;0.00324989920234453;0.00347940197653136;0.00287576154043445;0.00233001414399396;0.00254684430133563;0.00268484017898135;0.00270470771890999;0.00287647506096059;0.00319247804491782;0.00394330067009663;0.018094186910812;0.0315761756641832
0.00149029472638725;0.000729355937044325;0.00127238504841332;0.00214340939703947;0.00325355854284484;0.00332735805504177;0.00282134887128628;0.00227032053913653;0.00238115117150824;0.00264303867027368;0.00253132766373341;0.00266257705623641;0.00242977228021335;0.0218457299241448;0.0290809169248183
0.00293108453390352;0.00108230742786304;0.000688964952533057;0.00139865900926784;0.00222214441595086;0.00309896532696407;0.00326028966810989;0.00276819090847582;0.00238093362071982;0.00256691420945989;0.00278689274807395;0.00241489756223154;0.00202395365818075;0.0190037685777502;0.0282257410114701
0.00324862839562476;0.00250831449773859;0.000897496334275745;0.000697241504980357;0.00144373228805521;0.00241108743646443;0.00331915779578249;0.0034984748282384;0.00311401649366812;0.00242781806470162;0.00263928164024126;0.00287067734634828;0.0034740217942042;0.0107620247678457;0.0320797141325675
0.00166888999219808;0.00313488737532675;0.00231101235919063;0.000760581760508291;0.000659329682356517;0.00182404054742449;0.00259949166266754;0.0035169862720654;0.00392321426813947;0.00322579797710579;0.0024986054856372;0.00284184613509031;0.00777035098180412;0.00711476761396934;0.0306616331104392
0.00165148814019768;0.00215261689306198;0.00307600082135228;0.00220301401307368;0.000760268211596634;0.000871357808950942;0.00163623707214977;0.00239664838537308;0.00353756727523208;0.00429549716947341;0.00358778070763447;0.00259772319426736;0.00948936770245412;0.004258037374681;0.0281993257985571
0.00220653726248846;0.00208606190306788;0.00246096201137585;0.00307652677490134;0.00223377491627823;0.000410889430071759;0.000362059333282305;0.00107960523205856;0.00145399702820359;0.00361246004246038;0.0042725595382485;0.00333228124940522;0.00629547480165527;0.00541367966665862;0.0374357712223707
0.00282607679269317;0.00228753632409003;0.00236088446340938;0.00268325759537342;0.00310334783197945;0.00191987498593592;0.00051799785191686;0.000443813342501788;0.000301679754699794;0.000986732232872466;0.003032910090959;0.00368650555506156;0.00611071167049415;0.0141899614721623;0.0455080176170388
0.00262951405817914;0.00243602351735167;0.00223267825570946;0.00239451589000218;0.00265983859747698;0.00292421073989913;0.00208962758453614;0.000751997010479683;0.000277211046972529;-9.66880016663864e-05;0.000742724987536257;0.00303884107643296;0.00674184446632209;0.0187077541198477;0.0396142792727072
0.00273382776030496;0.00259011856141588;0.00222730712119401;0.00214781815052302;0.00234206713198881;0.00263923789510558;0.00310111858646358;0.00230675814226595;0.0018510243661118;0.000963850725112609;0.000931085025290615;0.00215704205366715;0.00750802746791046;0.0143494528696135;0.0212534865509018
0.00250175299797432;0.00287643512417466;0.00258737680029494;0.00214289811865587;0.00211733557144795;0.00247495374136249;0.00278797949112026;0.00323924587466008;0.00321837218744976;0.00247428451024734;0.00173751884038331;0.00223873616171528;0.0078273429513902;0.0133837668655725;0.0132625042467918
0.00322809631933788;0.00277448391048147;0.00299891480386508;0.00265064084269022;0.00221705464662222;0.00233976265174067;0.0025259272615364;0.00284579493724817;0.00359810049860667;0.00360548555866182;0.00253437707086933;0.00188331051448686;0.00863388964945666;0.013405925909697;0.00996211054494411
0.00338041725664826;0.00309299060973892;0.00287848636357958;0.00304420826084398;0.0027011992356112;0.00202576931940557;0.00195676980177405;0.00216249081825342;0.00237088232512075;0.00373743291886339;0.00346264723142093;0.00157098208548992;0.0081768719012536;0.013955388589612;0.0152045494013033
0.00240214148719346;0.00325509354953308;0.00301523321917148;0.00293316040823152;0.00304897775149877;0.00252363913875995;0.00204207543999815;0.00201585893521699;0.00183230432269009;0.00219395615366862;0.00343732910509203;0.00260513489670984;0.00936539427665162;0.0157853122377958;0.0318490577983697
0.00204726101637724;0.00256587169636852;0.00315931655078193;0.00294368256727586;0.00290378148881876;0.00297715017439778;0.00262661597853774;0.00213555305867312;0.00178542532778029;0.00141872692150416;0.00182269925160057;0.00314114247252379;0.00982682937425761;0.0178102248016196;0.0395157819942857
0.00270211817151436;0.00245535070343333;0.00271693436699304;0.0031620250399765;0.002956531782957;0.00305322337850836;0.00317004039731036;0.0028040589889688;0.00292751842202574;0.00224502099112194;0.00202531212068667;0.00257164135859639;0.00770462564922281;0.0171663112500744;0.0292417202141155
0.00358347215840295;0.00277146482365519;0.00270223800411209;0.0028380270835351;0.00319414825935782;0.00293929106628238;0.00291763447837348;0.00302844348475291;0.00310749454052965;0.00338289296710307;0.00281511525152621;0.00279120542734157;0.00722205717966462;0.0183140004322306;0.0263787434383056
0.00389393925444101;0.00322547603814918;0.00276852087786538;0.00278305724290192;0.00285376584948606;0.00315740761358194;0.00295249106172125;0.00294080636223638;0.00313385960069517;0.00334618506333324;0.00340072951945908;0.00292166256530187;0.00826476716026514;0.0194643962990897;0.0274093609622765
0.00242597898197569;0.00357606690379818;0.00300271538762381;0.00271204049513318;0.00275742687762257;0.00268700787030843;0.00302052762947812;0.00282375691081537;0.00253935851612405;0.00288807865491479;0.00292924062398134;0.00265350715644186;0.00984370202787566;0.0161715770972084;0.0308436620611787
0.00171284149910305;0.00284338038223777;0.00344132995605374;0.00292608110847348;0.00270885059357171;0.00286764833381027;0.00291468514351751;0.00323846637028826;0.0031638259296681;0.0026260383158233;0.0029318353908973;0.00272361015251424;0.0109510157780264;0.0157146682175675;0.0337298440649658
0.00305771340350859;0.00238591521021594;0.00312130119601107;0.003452326329347;0.00296155961023708;0.00287960852234214;0.00293543863077801;0.00297087782270892;0.00335793609774069;0.00323060893758458;0.0027808713338297;0.00311740006169801;0.00841402732963203;0.0166570360851117;0.036547362981775
0.00278636393943863;0.00301558441897104;0.00271457478704644;0.00325577048471482;0.00348579229120147;0.00287749559849469;0.00268744699061319;0.00274872356324331;0.00306314731554841;0.00376159216032225;0.00357733850281585;0.00319914282514722;0.00682855566621021;0.0187210044121087;0.0345849134049026
0.00289386042446368;0.00249031540764049;0.00286860145551125;0.00272657948193632;0.00322117616817789;0.00321607681317799;0.00273308869835733;0.0025512112179521;0.00236017319924664;0.00295714516457609;0.00363785777545305;0.00334270680418374;0.00896856839264126;0.0212511728487601;0.0379094628692613
0.00193925829773354;0.00274030663757014;0.00233389821893147;0.00275718295133548;0.00267758876437031;0.0031524100968729;0.00334640826462494;0.00287981106556229;0.00244136034639987;0.00208551379084817;0.00258176375476253;0.0033552259651865;0.00762984791833499;0.0181556045302678;0.0404094202067706
0.00170123073892191;0.00248761953011092;0.00277336519620436;0.00238728536229777;0.00283061239540651;0.00291618892392605;0.00338981175645041;0.00355227987195131;0.00338267312703491;0.00259053816779067;0.00233110018571253;0.00275686806941145;0.00843110991897311;0.0152289679962845;0.0338212487795813
0.00379749931439246;0.0021321374175758;0.0027564950943827;0.00282895851211998;0.00243747964076613;0.00313621746924409;0.00307113209262851;0.00349043299733151;0.00418043626342207;0.00386706635360994;0.00318305710425998;0.00302360219539447;0.00720041302376795;0.0177964040334118;0.0315440164592868
0.00412425225969605;0.00334013357386863;0.00228579552384776;0.0028121723090403;0.00281044611139767;0.0022326850316917;0.00269460083466668;0.00266139689018367;0.0031618832855148;0.0044090745699887;0.00397866882277288;0.00330968205914338;0.0061315615250026;0.0147578760425235;0.0338187043841538
0.00815742382776854;0.00343939350857232;0.00300863941028401;0.00222451835113181;0.00275175004865365;0.00244677316711016;0.00203961897228367;0.00247814347963424;0.00206074669029515;0.00297288120286659;0.00398540478685577;0.00331163746244121;0.0101804691791541;0.0166074151281896;0.0394237471880581
0.00497204255624871;0.00666602537511835;0.00325993441882202;0.00294732407036984;0.00223871321052436;0.00294108952057874;0.00286931024592576;0.00249035882692843;0.00234343074810878;0.00155263810591171;0.00244352073923534;0.00335973202653562;0.0108624683446419;0.0157909633597098;0.0447921989809563
0.000925930485776528;0.00505275480842702;0.00602546631600194;0.00342915691671877;0.00315294527838683;0.00245944492823495;0.00299242209075585;0.00288957559708355;0.0028647393004232;0.00262270638601594;0.00200329790076406;0.00300415899910612;0.0209929389573418;0.0131127521279668;0.0370983402044358
0.00250476698361499;0.00290195494074711;0.00554265541954599;0.00594602224278858;0.00342609229502443;0.00320118446528114;0.00254382642419602;0.00300837449368236;0.00361813349759393;0.00354709923583459;0.00355796894493182;0.00304033582846627;0.0156482785390255;0.0196057604563731;0.0299245388796829
0.0032919414763379;0.00404510052436942;0.0040642399910867;0.00597552574332251;0.00626471303318433;0.00289766226298754;0.00266687704929784;0.00213657692396607;0.0023460679005493;0.00346576056748664;0.00325587131267052;0.00355768088364602;0.0079103807918377;0.0207533111229588;0.0354839902903921
0.000761162573103862;0.00233749147743384;0.00383873175617165;0.00385461672208683;0.00560267771904375;0.00548229577535959;0.00275213986722805;0.00257830810582287;0.00186614233080554;0.00229262642504182;0.00309400628674455;0.00267168427699579;0.0104239133769579;0.0391639875352363;0.031996230097026
0.00203143796378836;0.000656998311247758;0.00158827268262579;0.00295787573919082;0.00304030595709541;0.0055800321479213;0.00571441377231267;0.00338708922166277;0.00300642029881617;0.00159866437531039;0.00214961580054429;0.00275827368838923;0.00723435381769777;0.0331748213009946;0.0357612972934134
0.004139600382126;0.00228325061686723;0.000810993036849765;0.00158321327592956;0.00285794693595308;0.00301628752085208;0.00531607379381212;0.00547135552997968;0.00425938011707885;0.0034763439564062;0.00213916908394276;0.00288319263509599;0.00223080452789226;0.0179328015664026;0.0318146733002556
0.00283014370611502;0.00386877855451446;0.0024244228368265;0.0011910105406303;0.00201492554542641;0.00437936170027078;0.00468144303767593;0.00666064156548461;0.00765454008907053;0.00491756167993488;0.00417484859383948;0.00270854045779255;0.00675422157415162;0.0207596855316348;0.0263470785296749
0.002891100330351;0.00270764041406036;0.00369290872261455;0.00242981451596913;0.00134119624775969;0.00244807487206648;0.00422971227960453;0.00444847695251283;0.00564144210450037;0.00766222184970782;0.00430708085682159;0.00361544303549751;0.0117469362115279;0.0133364011982404;0.0396682449877983
0.00448618683740764;0.00305260196316842;0.00274132777733948;0.00360937611338701;0.00235143498163701;0.000395363302629678;0.00142673668031566;0.0030429483941657;0.00313874867055378;0.00587812352323952;0.00760847360648086;0.00328461584539871;0.00830197679725098;0.00516751040577867;0.0443592405930706
0.0039829911512262;0.00419960100530411;0.0030955579376429;0.0027646798534318;0.0036020444655504;0.00188168512566153;0.00035216219788483;0.00112757037582741;0.000367386624851602;0.000652595892338723;0.00408005170394505;0.00556825869051305;0.00906651200399056;0.0134769796718412;0.0810815978636532
4.28237746543856e-05;0.00380307413450262;0.00407792412869806;0.00312630055203939;0.00285555606675738;0.00418469165029661;0.002678041789862;0.00129598219396068;0.00155176256426361;4.1575870593533e-05;0.000486751297369427;0.00459575709581122;0.0128180489788674;0.0233206588112398;0.0668607379399597
-0.000284248329787956;0.00163365087653967;0.00379968258220704;0.00406046444674218;0.00313760862823485;0.00258718111223919;0.00366909225248795;0.00238879094876958;0.00248815490806144;0.00314775671040572;0.00262763544061011;0.00311337017796979;0.0116305376113233;0.0166001737336396;0.0348582069994146
0.000912075011329559;0.00106435111831672;0.002030426017443;0.00381507436390638;0.00402843300813415;0.00280991089900843;0.0023656397935389;0.00331391263851524;0.00302474654640306;0.00319687539490716;0.00417265807619592;0.00474719962383705;0.00371037472753044;0.0182502864431342;0.0362156832273093
0.00199986694566092;0.000712313130117897;0.00120186836838988;0.00200770502565389;0.00386627656479695;0.0042732379355832;0.00317279993753676;0.00287608300559514;0.00289113026305821;0.00214272448580533;0.00159285635657583;0.00300221691608579;0.00198260583414345;0.0253902894480433;0.0280419544391446
0.00116881105377401;0.000672690554408701;0.000666463597322326;0.00120851338932717;0.00212322907486027;0.00386972350697843;0.00418527723178594;0.00318815649530157;0.00331861338432399;0.00351870917647113;0.00229443163885202;0.000897237622262661;0.00229258445033031;0.0233610070985975;0.0150792753740678
0.00321855482253323;0.00115240151749725;0.000390467052220471;0.000647199372513804;0.00100983437204591;0.00170928787655624;0.00356166063838667;0.00384987567705757;0.00358143400823019;0.00379369936228722;0.0043652440856176;0.00243972273450015;0.00306541391483561;0.00958363921874872;0.0287418448438519
0.00450984977103313;0.0031575459676596;0.0013292941039893;0.000510903310777172;0.000341960702135018;0.00115165218595699;0.00196490291047478;0.00380635048124213;0.00379433379941316;0.00317621375451007;0.00317004568528321;0.00425581724390309;0.00365494097955654;0.00536307121936019;0.0460547656697909
0.00318426503547695;0.00414607938973984;0.00295095383977822;0.00128916317211727;0.000784370946812167;0.00135909394826897;0.00210110190352187;0.00301495331692949;0.00400500961035976;0.00396829868924415;0.00302111553929098;0.00278518033494132;0.00935606293364355;0.00464779161305939;0.0353553270467422
0.00401488138621893;0.00335375882676825;0.00415773730958202;0.0030483546926151;0.001629490552893;0.000519238793198703;0.0010571571864495;0.00164105784189592;0.00203784312430561;0.00440811868070176;0.00452311715521849;0.0030675833950221;0.0128684314873462;0.00488656599234205;0.0379652189994806
0.00332341960797399;0.00402525405683191;0.00343658466831832;0.00416565172905493;0.00323711044661566;0.00104532518967186;-5.47998075858072e-05;0.000185443802830432;-0.000100022937229445;0.00102873401967209;0.00407815779506153;0.0043515886535302;0.01000779296027;0.00763858065747614;0.050950510951917
0.00268035357695653;0.00362424990087542;0.00396252839178481;0.00336229503130876;0.00397733870070802;0.00260318255871375;0.000544960036356125;-0.000372883917884181;-0.00117831265625205;-0.00159463937847037;4.81395442980955e-05;0.00377630274535282;0.0120507480554848;0.0183543747912931;0.0477879946919739
0.00201459543630158;0.00301582718596385;0.00374348068821528;0.00398238233831784;0.00348217422066039;0.00439986953718761;0.00312958398720824;0.00122663635617386;0.0015011540093996;3.5251543315914e-05;-6.80315766417457e-06;0.0020650664833837;0.0107292486567463;0.0256258427860814;0.0198815063064659
0.0032841166214777;0.00252767100117811;0.00305868057897301;0.00375151125190031;0.0040338447137839;0.0032726562355535;0.00411166976298367;0.00289857032658076;0.00291478437391993;0.00323697557965928;0.00196286287404607;0.00243130547598199;0.00878039234734573;0.0202606562798433;0.00986126796104592
0.00284897272117241;0.00290137189107277;0.00265250012660901;0.00304311284213081;0.00362426193638196;0.00384599455080986;0.00315419322901462;0.0039556193568314;0.00388630620468145;0.00358255596082879;0.00346741461632118;0.00260415923121024;0.00721192066800525;0.0241034406235501;0.00934035755305551
0.00500202832829278;0.00275263373622034;0.00276228126246893;0.0026474686682137;0.0030854485627464;0.00393152977075749;0.00413118591271746;0.00345057379316953;0.00351005008778078;0.003212868297194;0.00205592928958949;0.001367352141887;0.0089744105979308;0.0222009760479105;0.0141050730462151
0.00371992947201487;0.00409253875882271;0.00278861356332603;0.00277743954979596;0.00254973116660081;0.00294795131839909;0.00372405621484678;0.00396086889782878;0.00396400041734672;0.00422229419921502;0.00340239078756204;0.00102433966608532;0.00841370478369319;0.0179643254797894;0.0191251705379643
0.00384288501965064;0.00402785698017289;0.00383068072295209;0.00277477205394642;0.00279075030855;0.0027710334274427;0.00311829757771409;0.00385333354627634;0.00408232844193759;0.00396669765370928;0.00457196340576022;0.0030201373638661;0.0129806356055431;0.0152589435307324;0.038425615331789
0.00373710370602528;0.00406141940267389;0.00421741477746357;0.0038305137783858;0.00274182065782093;0.00271138846296868;0.0027206766781461;0.00313007745795548;0.0031981531765392;0.00367731242035673;0.00327490800285055;0.00435019147165933;0.0120129233935931;0.017351368178973;0.0512434178647416
0.00341626805579409;0.00408908167184407;0.0040265314342634;0.00415225301140459;0.00400703466811741;0.00291149822807604;0.00288608157220583;0.00277821903712749;0.00307800073734882;0.00335894317140046;0.00393254720593616;0.00313141626125338;0.0119783331989536;0.0169365981546663;0.0418136616227418
0.00292313983754439;0.0033517935332765;0.00422809467224665;0.00403851569137041;0.00416110366214739;0.0034580987905334;0.00240679057057133;0.00239722695329866;0.00205344390428203;0.00265377779034805;0.00325742007357381;0.0039473240092758;0.0121027158359632;0.0244659643631377;0.0486485435459814
0.00438834161010898;0.00311227839174174;0.00329678416467777;0.00422052564278848;0.0041781305442811;0.00438673975081207;0.00377253437641546;0.00263271661206068;0.00267475988877196;0.00197363078185975;0.00273375422300936;0.00378005904182919;0.010098646967438;0.0249200539476238;0.0440345815389109
0.00679657020826388;0.00385987119218644;0.00320549792424651;0.00331576357904928;0.00399763617714934;0.00362935745776356;0.00382157033972651;0.00335887227349831;0.00278175731512809;0.00286434170831918;0.00215736070787278;0.00314948444456963;0.00926938946150879;0.02401354816044;0.0362843799259593
0.00572088645079723;0.00546007768512383;0.00364797980246946;0.00317328756246746;0.00333612929746986;0.00460804952932774;0.00428836646782819;0.00446901540164921;0.00500039241235028;0.00363743650206819;0.00368562690725185;0.00298198719327123;0.0119432821428993;0.0251396422124175;0.0302388381180845
0.00253106638497035;0.00544352666022434;0.00520100152340158;0.00371898933858529;0.00316875002905982;0.00323784798227596;0.00438352913129368;0.00415827393480813;0.00414964424208725;0.00494729473856386;0.0032095049794051;0.00324839858933769;0.0175586990706176;0.0201212258520846;0.0355495553329996
0.00362699283717973;0.00437824302249531;0.00543805516307787;0.00519376656730001;0.0037131478493929;0.00326821835181849;0.00335172763386713;0.00437482579145614;0.00469756893895895;0.00471692305514458;0.00522564848532453;0.00287381116241311;0.0166944921171905;0.0189998276315897;0.0349061193448417
-0.00219865118701181;0.00442460630308401;0.00467245038906734;0.00534735492688761;0.00515885344640774;0.00356520845164677;0.00309158185860253;0.0031993469606178;0.00292953408205796;0.00345147413287904;0.00354639883847829;0.00369757742484938;0.0116251766040385;0.0231128096696458;0.0513930255919837
-0.00838768492452949;8.85109256904709e-05;0.00439460124781243;0.00459464275320684;0.00560690578348986;0.00533190435921283;0.00373224284949856;0.00321942298254024;0.00338071526785247;0.00318127927118481;0.00355150662346444;0.0037262726050435;0.0124977024957018;0.033602201409763;0.0502143886406174
-0.0049696420811418;-0.0047623562148718;0.0012486421811601;0.00450625367643448;0.00481660839642777;0.00531094385915074;0.00504979651292642;0.00337580396983133;0.00296796489451576;0.00329736132684516;0.00355300029069639;0.00375757234809239;-0.000864327737942983;0.0333210292661523;0.0487368641481711
-0.000867262101287861;-0.00395170353269249;-0.00344559822765053;0.0010725346152306;0.00414648221019586;0.00438610336667187;0.00498916501231023;0.0047054778385427;0.00403168468485882;0.00319533831852939;0.00354356728119181;0.00446490784250408;-0.016510522100095;0.0256471724584677;0.0488257732527189
-0.000450989656589993;-0.00320578390710288;-0.00415131376194615;-0.00337794150607611;0.000648619977844232;0.00441642385871439;0.00466510454803252;0.00561110808875998;0.00556333298212351;0.00403818601483347;0.00306036958809057;0.00345377716208295;-0.0130160670445822;0.0257878906238784;0.0409293426387083
-0.000573619725745958;-0.00248098307202493;-0.00376271162812321;-0.00373973131958713;-0.00375552035054246;0.00126266694116564;0.00514377597530189;0.00550419477454415;0.00665659394204019;0.00659067858723224;0.0045365733598061;0.00329778358199292;-0.00781766214534618;0.00211978210692032;0.0383412800010177
0.00203433663601926;-0.000153075521530572;-0.00291559745383101;-0.00375180315039256;-0.00420512198540833;-0.004454398342484;0.000662433931641408;0.00461432722386227;0.00491965747920738;0.00690788741621822;0.00676766859308832;0.00380449027229925;-0.00583790609477519;-0.0278633891215151;0.0474120291789004
0.0022932149454576;0.00256527888089384;0.00010230104760842;-0.00317836328642312;-0.00432442667574644;-0.00408185448456222;-0.00395000648852904;0.00112299459436089;0.00268497083671726;0.00310250375058748;0.0052867399890619;0.00498063926588134;-0.000624380725231743;-0.0248387687921943;0.0688802787568996
0.00493816846571113;0.00228799843486445;0.00234469065266643;-0.000253402232739582;-0.00279453887524919;-0.00403700262870772;-0.0036204084417159;-0.00331189946138167;-0.0014244176217303;0.00132343570685402;0.00186845838653821;0.00432903691395073;0.00696032172199512;-0.0197878159906518;0.0687195847785065
0.00152027175436259;0.00373157996799924;0.00245343640379961;0.00242124608501274;0.000253209306758473;-0.00375351979739898;-0.00486993432298702;-0.00512563099610464;-0.00509037402089387;-0.00140039916563102;0.00310809514823962;0.00376295773264839;0.00705114924487571;-0.0154764605289139;0.0503201965430753
0.00313775126899694;0.00191553701419567;0.00292724130863357;0.00246776626191652;0.00237665482810719;-0.000582202518303759;-0.00461423365605032;-0.00580274432556642;-0.00716374444361866;-0.00705362670890362;-0.00102841821917137;0.00497380266094836;0.0116408492993947;-0.00120647650718297;0.0483987283751377
0.00354478883379683;0.00389895048501259;0.00309538694153831;0.00330201022030963;0.00212711156393704;0.00197987366588876;-0.000950164366874318;-0.00368540021696848;-0.00441514823740919;-0.00666413857316312;-0.00635288704241509;0.00170222195686856;0.00654475201869964;0.0138006431396027;0.00174865849402073
0.00256892411057101;0.00333709116903923;0.00311352717534812;0.00260779580440462;0.00319035655717551;0.00237155526873574;0.0023057424654286;4.44847062149691e-05;0.000793096324798637;-0.000490682436148593;-0.00249294901933645;-0.00224394159230355;0.0101844099190207;0.0140829763057824;-0.0547782975986517
0.00339626842695407;0.00273450112588106;0.00379175487617002;0.00318898303887821;0.00248613777519213;0.00251917635440963;0.00214167266779492;0.00218586241097438;0.00239656019273133;0.00327529960143201;0.00138750751922652;-0.000388725904163176;0.0107116034183208;0.0207845243236089;-0.0494163169349917
0.00187908353488883;0.00326342882966297;0.00254512179243765;0.00381418751475786;0.00347174740660056;0.00258504959569682;0.00246185105648363;0.00187335184696422;0.00198558428393065;0.00215582140741937;0.000847918372268408;-0.0014695979449488;0.00786908749668913;0.0142937891282831;-0.0350582603679811
0.00195026928517202;0.0023619217221337;0.00328680867456295;0.00253225080678754;0.00361402343039747;0.00282134661079519;0.00208020127358256;0.00222155556181802;0.00135810882659101;0.00147015035051426;1.29028961932342e-05;-0.00287158562146445;0.0099795149914701;0.0197932556048688;-0.0216423878620092
0.00118227410403994;0.00257809767426821;0.00276852595030461;0.00332767698550692;0.00263141583588135;0.00425375712393797;0.00344789808972991;0.00291085094429914;0.00359454548953051;0.00200185571422883;0.00212469684512455;-0.000463981486149315;0.00702572307606064;0.0225646318469901;0.00198463719759223
0.00118683232925647;0.00171714569345437;0.00255814916252102;0.00256259400241971;0.00328028959642979;0.00230646610954173;0.00389079790957716;0.00332508186098593;0.002994615566698;0.00438012394327938;0.00269609894420805;0.00283974661783129;0.00710314120714939;0.0154167382483297;0.0269607355440742
0.00120064282146451;0.00156711524038558;0.00203267644337661;0.00248082056064978;0.00257110140164345;0.00334137085727571;0.00243483382320105;0.00394125120183148;0.00404245167265567;0.00354057313296123;0.00474555558807447;0.00277700410589679;0.00494002408669036;0.0200615035197091;0.0271812320526867
0.000569492635649188;0.00132879894242031;0.0014832261757523;0.00195388322851718;0.00257050065746536;0.00260180914481931;0.00323307549971793;0.00239811073286496;0.00231197460148343;0.0025515740897515;0.00189624763339915;0.00322897720356533;0.004243121134204;0.0148356781175418;0.0420252301489863
0.000790805223824719;0.00100355674926062;0.0014902397088844;0.00147949923732103;0.00191552177138766;0.00255431509431585;0.00252817488141187;0.00319808957158315;0.00309510057845957;0.00293107839424657;0.00285636748698242;0.00181367650157187;0.00402504873778597;0.0147822343954782;0.0298448973881893
0.00185142751418965;0.00122203325064263;0.00121546616141156;0.00148685501050731;0.00156283555804631;0.00219805783316956;0.00267208074663039;0.00270380434732665;0.00310721465526765;0.00296169774142401;0.00374662656392051;0.0034446300871973;0.00279099974745822;0.0110497769862932;0.0400149456979413
0.00166784987335552;0.00177497800168483;0.001313409456869;0.00109144986180851;0.00146221010978326;0.00146152260445097;0.00202799629886337;0.00257856563368299;0.00273632639857285;0.0033825839632301;0.00271794000703231;0.00408886297709574;0.00332985927196838;0.00877287967311524;0.0441329402016504
0.00178247335656399;0.00158219864948334;0.00158761176360514;0.00125805642646011;0.00115994921615588;0.00153351976103953;0.00149950688243345;0.00202065281769594;0.00241599764643556;0.00265065868433213;0.00349845679381782;0.00244551672639543;0.00522306606392386;0.00853240308715408;0.0318266185153906
0.00308021218182716;0.00199456818243134;0.0017750510288494;0.00169687328263875;0.00131883561250044;0.00105076293942184;0.00134748483164162;0.0013775182454466;0.00143424724669525;0.00209299648734997;0.00224459912120589;0.00334989334317119;0.00503351210760838;0.00610602128144233;0.0403942100622119
0.00267880781906522;0.00290706493889748;0.00203244738737983;0.00174633918205106;0.00171914021518452;0.00128238743593155;0.000988751116135513;0.00133331958279712;0.00146653103315225;0.0016257775439613;0.00240732516662278;0.00255741840229955;0.00582072805511435;0.00720697201134635;0.0305862600955364
0.00339420618198655;0.00261729025477631;0.00271935347406161;0.00195999082155615;0.0017158435077325;0.00162041241013847;0.00124722866058568;0.00105341157690828;0.00127668971702068;0.00149568860342051;0.00192921453803153;0.00293602688689877;0.00873189084457882;0.0102942989706289;0.0302050462125625
0.00343064221514996;0.00335875159324779;0.00282030242443198;0.0028203837217633;0.00202834680640608;0.00165613120404;0.00156099547184284;0.0011985060834183;0.00134616731352025;0.00172236562651536;0.00186703361811259;0.00248012758517644;0.00813836808786439;0.0101863683013435;0.0227507602756858
0.00323714044872405;0.0033492334392761;0.00316127821284315;0.00276968745347462;0.00281829148790931;0.00181002443661256;0.00145721557618561;0.00140723794899916;0.00125091337654869;0.00143273323525921;0.00189315870885146;0.00205706015651828;0.00994702030129169;0.0116641077361486;0.0186618393062727
0.00441271978167963;0.00338649283187871;0.00348528224674018;0.00318719224893247;0.00272745166512745;0.00273225749582165;0.00183064141278113;0.00153939371964311;0.00160624695937619;0.00133845891760023;0.00132278407075016;0.00192250526911851;0.0103003177490133;0.017199498437303;0.0181466912368038
0.00416696669438506;0.00411079411710682;0.00336920890705624;0.00347432687237687;0.00325086475825931;0.00272673450257706;0.00271397750173062;0.00187655273872802;0.0018822136307965;0.00196382474008729;0.00155177359682507;0.00146892970752635;0.0100261580799617;0.0164519182798522;0.0137895168668478
0.00345497695325183;0.00386517764175489;0.0038415059874394;0.00332073193739997;0.00342586217589583;0.00303675932916701;0.00257885551185664;0.00259066466408496;0.0023508515136191;0.00233050276483593;0.00235543317651001;0.00179676722339378;0.0124159724825044;0.0195463241008538;0.0156804554004137
0.00218176736145248;0.00370253065794401;0.0039522525648716;0.00399350817525604;0.00338069926508755;0.00351484230406063;0.00312592194379112;0.00266741575748708;0.00275030435307536;0.00233075113104979;0.00213550627630096;0.00213880569689994;0.0120323116858092;0.0208591975561874;0.0214914274413949
0.00311640045715268;0.00299651614016463;0.00387757591665292;0.00398180094554287;0.00398667032674072;0.00326503378719711;0.00338480728845097;0.0030715688284966;0.00287285475830474;0.00299386432149929;0.00217983276345096;0.00187470527084269;0.0110756790676412;0.0201260241744805;0.021573021402209
0.00319657883909873;0.00340185300974954;0.00339481673751252;0.00374523629067456;0.00391385228762866;0.00393719788125646;0.00332658511132061;0.00343678295280003;0.00347546166265294;0.0031428383781188;0.0032411931135897;0.00210937196035777;0.00859723945804225;0.0245293062634333;0.02455780620528
0.00224416260236151;0.00283570409626011;0.00302047099162143;0.00316271990955847;0.00377350881577415;0.00391426197469859;0.00395755652052688;0.00335757532501339;0.00337240369429345;0.00338538520310093;0.00288271536971739;0.00299637567252851;0.00956904621194399;0.0240314384251394;0.034910185391501
0.00195785648768169;0.00240477664822256;0.00288329250727823;0.00313726521610814;0.00320161847473275;0.00371206373062815;0.00380425430027686;0.00382778881117897;0.00355756239497004;0.00359142843528448;0.00340221352574846;0.00272309603012238;0.0089420589662883;0.0224734381766301;0.0337180516925486
0.00249881687190919;0.00248576179469402;0.00259745520116471;0.00302914159993681;0.00324672052701017;0.00343136557914533;0.00376574196032685;0.00388682550659029;0.00384317766369132;0.00339289517775911;0.0034881864921553;0.00320229252583053;0.00726388059071792;0.0185094334762159;0.0397583961308263
0.00158202984229428;0.00272876656316823;0.00269265926841763;0.00246708039165463;0.00291542220043739;0.00325534894791386;0.00346060422591394;0.00390214838765592;0.0040350474299121;0.00397995549512226;0.00329518511280283;0.00343795887646711;0.00715312257014267;0.019331917875941;0.0421860828029907
0.00244490206595247;0.00185077775268112;0.00259336736484777;0.0025466335451499;0.00252199737686315;0.00309767001931304;0.0034347502659705;0.00357440340099466;0.0040557815417753;0.0042672660872203;0.00425298742804981;0.00332365814707823;0.00784134421549276;0.0180926657296361;0.0409622280938093
0.00254118162287624;0.00251628658715129;0.00218259672870548;0.00265551879549517;0.00261929738805141;0.00235148765303846;0.00286791100113938;0.00314248239361155;0.00305029823154847;0.00379473777069802;0.00401599662428039;0.00400490657934229;0.00562583113455606;0.0146758658788919;0.049225493188555
0.00226400700707733;0.00235411070448587;0.00221865063563521;0.00210927220732672;0.00272555853639352;0.00266681457536719;0.00231931802227509;0.00279512909741584;0.00278202605140899;0.00266217686391191;0.00344940755640841;0.00371554609082737;0.00719701215667667;0.0150625078135216;0.0485678550714954
0.00246339954111727;0.00248168061832565;0.00256573253016766;0.0023228146074741;0.002093787313816;0.00274162055626202;0.00269146223718334;0.00249118799508026;0.00261171491645113;0.00261904535999237;0.0026278038907788;0.00359303411702667;0.00747958243994273;0.0160499180529245;0.045759124748094
0.000343690161156876;0.00267835896561485;0.00252384595322475;0.00260295770237829;0.00242416424721532;0.00226965205775973;0.00281193222563503;0.00276481503737723;0.00299166993765945;0.0032129266677639;0.00339818765248371;0.00345074685373852;0.00728714368578109;0.0121490015391286;0.0378345077677424
0.00077588420845545;0.00131836773117939;0.00279859089424594;0.00243994865395708;0.00252724745454096;0.00220053605046942;0.00210995330833352;0.0026603274768958;0.00266651634096529;0.0029822684727341;0.00343742498245541;0.00372430255766201;0.00796135541249599;0.01421073337823;0.0389571261340065
0.00105880137901383;0.00158171260197475;0.00192671720608719;0.00276122087741783;0.00253267866285139;0.00263594747144947;0.00231308948746033;0.00217394745291312;0.00247710585378377;0.00247212818627234;0.00254878403263665;0.00318021593962761;0.00359243139699505;0.0153240917355764;0.0366649322560098
0.00329867796217877;0.00106525327235054;0.00139749120186609;0.00162089256905485;0.00277623501803192;0.00231402363848386;0.00240969163550545;0.00215581835763625;0.00196510614000887;0.00245904555272438;0.00242057783546927;0.00242338876517522;0.00375961167396421;0.0146447231837965;0.0307688425166204
0.00351210588358845;0.00243936820961849;0.00115361391517071;0.0013874783412514;0.00166494997603844;0.00283798887306176;0.00235814896647788;0.00244067727543954;0.00248474094671469;0.00219205769463457;0.00288792639918758;0.00282881466005009;0.00328124809832264;0.0164270691832487;0.0312519611669129
0.00270525456939127;0.00264396334704037;0.00174613097930876;0.00129849615092003;0.00156873570594382;0.00188225311109043;0.00279517197542697;0.00242851398541388;0.00244915527454278;0.00248986949669952;0.00219731221174304;0.0030961196677063;0.00750225727201692;0.00878801358590509;0.0328194905578489
0.00152085898159947;0.00313349086477258;0.00297264578224566;0.00213003389584302;0.00123967314789329;0.00155597989919661;0.00180909078268704;0.00279247169026535;0.00288520434438983;0.00292136398828404;0.00278857696547724;0.00239413599644364;0.00915632830896507;0.0082955749899194;0.0254116337114754
0.00181075241877866;0.00271684739559903;0.00340302384096379;0.0030301037331507;0.00220363598411143;0.00148207635787708;0.00174192532043062;0.00200846131829564;0.0026916260861098;0.00276263579273354;0.0028593403871341;0.00260256699499968;0.009270144402582;0.00732007666862278;0.0293493874821391
0.00225187867409994;0.00265031080756189;0.00331848228608807;0.00312137976107177;0.00288474159347726;0.00172684040897874;0.00125844587797465;0.00152710600101731;0.00166808870629237;0.00270559412666719;0.00252508350382565;0.0026451348041008;0.00757439707037166;0.0136205119680364;0.0313952830676416
0.00357503789105947;0.00202247414538354;0.00237076898801419;0.00293259570601374;0.00324262394183106;0.00278261053213768;0.0017053387341078;0.00105710039909396;0.00116733513469279;0.00138303416237853;0.00275744097316209;0.00242362825807308;0.00684721879886552;0.0179588759893248;0.0303534938877366
-0.000127156978065859;0.00271375433004169;0.00192640243310217;0.00233969297079421;0.00293985201091783;0.00286815159647217;0.00236603803054623;0.00137176277838848;0.000626234733977154;0.000817882230600561;0.00112532517564576;0.00293244894617814;0.0062135525161966;0.0186165498365247;0.0334939145295181
0.000166579280693088;0.000612196425951401;0.00217720052527508;0.00208129435212984;0.0024292371398526;0.00321921797995989;0.00294682278889756;0.0025515376193396;0.0023473473463233;0.00123414641977619;0.00154629373482645;0.00194783021748238;0.0084894076053692;0.0167626891978314;0.0188585508931525
0.00206442332685461;0.00193178146924853;0.00212444156388709;0.0025029152141714;0.00199864753325591;0.00252336410172658;0.00328029445972368;0.00323803408671396;0.00331250040111949;0.00298794533920489;0.00178522464864882;0.00220707270451949;0.00261043343931089;0.0142072981165557;0.0174114925455682
0.00127076668473692;0.00189343653407001;0.00158938549785177;0.0014742162197288;0.00255868916212857;0.00221257129307382;0.0027546966220925;0.00343817580242874;0.00408160915436942;0.00409323951548095;0.00325358745025267;0.00186567216280694;0.00369140365816212;0.0125584426905696;0.0152294061878957
0.00144576091643826;0.000895890736780671;0.00168596066852048;0.0012618117015739;0.00139626437215032;0.00222171878826443;0.00201633827783006;0.00249714152709679;0.00269671568475195;0.00353029472669491;0.00336831213115447;0.00211089836360704;0.00565440877022572;0.0158523756966726;0.0276640994218678
0.00209857792126053;0.00136275414241058;0.000829934964798943;0.0018339396909957;0.0015378137481943;0.00150871744370006;0.00207663555144883;0.00172552501060117;0.00176152600201896;0.00203665202468776;0.00268831487579999;0.00231943693389818;0.00299952998402331;0.00700747201167284;0.0364302597022839
0.0022526473901697;0.00220993744001965;0.0015519302320984;0.000989888153652932;0.00184771534102946;0.0013847631827517;0.00134121900844824;0.00193348507899585;0.0013549623814362;0.00140361883934877;0.00204560219340567;0.00254890122151739;0.00436677718469092;0.00789707997859135;0.0381584488159965
0.00167676716252747;0.00237434105286577;0.00218958571666143;0.00154728245207077;0.00104044703085692;0.00231093829659477;0.00176643721864862;0.00169572970242086;0.00265789195665308;0.00192561534559617;0.00225186564193429;0.00317885163646375;0.00651218282225408;0.0116928584910199;0.0338357767376463
0.00223014985793112;0.00209087844546039;0.00249644804984372;0.00220219199062881;0.00150608360928697;0.000758144079589568;0.00233357315864506;0.00190562763020939;0.00211397728013901;0.00328111034332158;0.00254653663724499;0.00309425764224562;0.00714034943471575;0.0057989510776808;0.0282452245110567
0.00264610508445799;0.00241333759243494;0.0022786452900429;0.00243906367677201;0.00219011413369939;0.00131329419706375;0.00046720915127651;0.0016312448945194;0.00162550002473527;0.00183678011062854;0.00326882146505739;0.00250713795403323;0.00605838993100782;0.0087588767406519;0.0248473705422723
0.00240434145029423;0.00243474983689728;0.00226863856598235;0.00213856397964459;0.00244637317771871;0.0020465870407023;0.00108997646165389;0.000463471625002704;0.000554335089247721;0.000480358348209579;0.000709617929350677;0.00225983475351188;0.00692805472559765;0.0130069194085691;0.0316763676295215
0.00178504487289759;0.0023850859399874;0.00239949018691414;0.00230743443327385;0.00216406307852539;0.00244076558291329;0.00195888184011758;0.00124193167132955;0.00115663838925218;0.00123875470195749;0.00096628530528914;0.00113716256535762;0.007498994632682;0.0145368969998017;0.0159360169763054
0.00205752158297855;0.0022479078047613;0.00247516585729318;0.00247425472462218;0.00234026759197109;0.00213731072911029;0.00235788883283726;0.00204148420198855;0.00189239320799694;0.00179928544052409;0.00243799225510392;0.00201359797955522;0.00728219662970497;0.0125512611136469;0.0167553929244324
0.00271654916124118;0.00247002595253342;0.00248404154187053;0.0024626187326754;0.00245721463521643;0.00230497957066339;0.00213018153190863;0.00233019453994906;0.00235524436825415;0.0021708679668046;0.00174294202449743;0.00294638933267311;0.00653103482532424;0.013945141916351;0.0230159187912993
0.00167691925488783;0.00252423570460382;0.00240537228548233;0.0023104783365044;0.00242939483816577;0.00241118156352587;0.00230125036881005;0.0021360905325496;0.00236827395117409;0.00239866845569477;0.00177657628781307;0.00101487283915837;0.00694890461448416;0.0149148280284599;0.0124995625117577
0.00164521340573837;0.00193212079275641;0.00244646897843356;0.00236988294938259;0.00232606984028889;0.00232292808481855;0.0023308931055412;0.00223822507381305;0.00218830340232438;0.00245982214482201;0.0022556482139297;0.00132674014529461;0.00770694924821402;0.0145671656970461;0.0183781013737601
0.00189830113419522;0.00214373703373729;0.00220348552896915;0.00252105424522584;0.00241312904385023;0.0023244680903833;0.00219135559393035;0.00219366132764109;0.00212584203406189;0.00205990389236292;0.00242939287939178;0.00215511032073375;0.00582372519400853;0.0135537836367241;0.0264164854534332
0.000852676229329688;0.00217792876052486;0.00213415502416508;0.00209735905353056;0.00254369766398939;0.0024419444820678;0.00229106639246934;0.00222358046814473;0.00223895339480285;0.00215553828560079;0.00199458259070774;0.00247708081140549;0.00593472610312573;0.0142416002702006;0.0292574159168968
0.00189910745510681;0.00148807082864719;0.002216446140879;0.00208782165183725;0.00209805046260824;0.00252616755102471;0.00244821539231385;0.00235879206492733;0.00261187400635303;0.00262264768110218;0.00248257909262978;0.002271442894795;0.00630585430785136;0.0153757431048664;0.025561262705146
0.00128205490009713;0.00196714609047932;0.00176145033382183;0.00219225745158589;0.00208388821601791;0.00205182594820084;0.00249981457556691;0.00243730865350113;0.00250634592396966;0.00274045724022163;0.00276908657257919;0.0025827698785045;0.00410759157911178;0.0121204362961205;0.0281066229499405
-9.08529650452848e-05;0.00148556838502665;0.00171666800680869;0.00160537255546053;0.00225129622794449;0.00208885706576623;0.0019766857131731;0.00231318541978665;0.00224133740692036;0.00228991531456618;0.00246814480873324;0.00250672601853049;0.00559330086113419;0.0122455993579864;0.0298865490344959
-0.000700277009221669;0.000943809627556467;0.00179475214765124;0.00185510059200017;0.00167997887624943;0.00228936611208047;0.00201741260902963;0.001953821276038;0.00214379758821626;0.00205851845476352;0.00203601870298131;0.00226512180221987;0.00456925062908686;0.0130964458941165;0.0293679736669687
-0.00269903712580084;0.00058542184319381;0.00124489875160702;0.00173372658083472;0.00187158590860765;0.00172609054753014;0.00229905807069356;0.00212027459357494;0.00223277209205336;0.00248723105823294;0.00236097023487976;0.00230535461972291;0.0020988314041519;0.00914802536716208;0.0276086162412994
0.00176121473993939;-0.000888720591699607;0.000888284362896207;0.00106613716615033;0.00176019248506147;0.00184893047929887;0.00171186465623084;0.00216299249795334;0.00226502374866924;0.00236826636141173;0.00285240355085653;0.00268694984889367;0.000772916851203842;0.0112105307238581;0.0287633747806884
0.00093511875517728;0.000995457956420144;-0.000251918770738503;0.000650129304740135;0.00107791980450181;0.00176501480988893;0.00174217912762609;0.00162746706454107;0.00194512732896367;0.00201906439614781;0.00206562362304283;0.00271409208655432;-0.00383637457912867;0.00986147993576947;0.0307125387999625
0.000528015513751136;-5.14803457464389e-06;-0.00018838129747369;-0.000599632458344651;0.000797316198743243;0.00108800093761121;0.00169306824582377;0.00171849874734404;0.00158251508265676;0.00201387011631954;0.00194536219104996;0.0019877254690455;0.00256952497825935;0.00534116336439783;0.0249247722643637
0.00281997877753008;0.000865093542849212;0.000628208197901372;0.000428601133408164;-0.000446080437431473;0.000894010375511274;0.000961374821069253;0.00148252728919628;0.00171444240985154;0.00158664537704405;0.00228931596647731;0.00220705178931409;0.00155875831668673;0.00311799673543067;0.0250406008690276
0.00241579149220486;0.00268886217139609;0.000891702785853738;0.000763541358341505;0.000505016627456908;-0.000277689388833294;0.000926504351441612;0.00105582754914303;0.00152349942332139;0.0017373310873663;0.00153582272131508;0.0024854480753054;0.00228651127180668;-0.00515414414335313;0.0265386939002441
0.00185371366038674;0.0024093687697513;0.00248705402024756;0.000863706389564622;0.00059067173904926;0.000336317791624403;-0.000207533888267568;0.000823041011263625;0.00134303162791642;0.00190911549223538;0.00211149630448148;0.00183324244130047;0.00801719714663385;0.00384325554080411;0.0191570272796422
0.00131598178656595;0.00230836300998811;0.00259308062173191;0.00256423870494961;0.000540267083219491;0.000342974199238669;4.06199124212211e-05;-0.000456721967993633;0.000469834103159411;0.00105930153915585;0.00188522449493702;0.00217131362965688;0.00743658853894602;0.00325950816249265;0.0225841191033243
0.000803144032698188;0.00205329873661015;0.0024262707293821;0.00254548575858375;0.00256041285340947;0.000300435722857667;7.82592168159311e-05;-0.000171632763176515;-0.000977918655235744;0.000147553693187704;0.000683130631494085;0.00179109627959646;0.00660273515071963;0.00399570822613549;0.0202919566124746
0.00220770806140751;0.00157913629403849;0.00227511136142481;0.00231992714219806;0.00252785335657991;0.00251783969681122;-0.000191180825765645;-0.000353611492116521;-0.000286939176911667;-0.00118318995501307;0.000439772225786047;0.00117283022464456;0.00565476562432576;0.0157406010684771;0.011666575101954
0.00153582826271367;0.0019816978728386;0.00170896404078713;0.00208262578746813;0.00229066262276366;0.00248096729267434;0.00243623528298436;0.000319541015599753;0.000225766052707305;0.000228074699327291;-0.000826245251781267;0.00135340969697278;0.00409658604026308;0.0150662521555003;0.00729786110101838
